x,p
-0.178398,9183.01
-0.178238,9183.01
-0.178078,9183.01
-0.177918,9183.01
-0.177758,9183.01
-0.177598,9183.01
-0.177438,9183.01
-0.177278,9183.01
-0.177118,9183.01
-0.176958,9183.01
-0.176798,9183.01
-0.176638,9183.01
-0.176478,9183.01
-0.176318,9183.01
-0.176158,9183.01
-0.175998,9183.01
-0.175838,9183.01
-0.175678,9183.01
-0.175518,9183.01
-0.175358,9183.01
-0.175198,9183.01
-0.175038,9183.01
-0.174877,9183.01
-0.174717,9183.01
-0.174557,9183.01
-0.174397,9183.01
-0.174237,9183.01
-0.174077,9183.01
-0.173917,9183.01
-0.173757,9183.01
-0.173597,9183.01
-0.173437,9183.01
-0.173277,9183.01
-0.173117,9183.01
-0.172957,9183.01
-0.172797,9183.01
-0.172637,9183.01
-0.172477,9183.01
-0.172317,9183.01
-0.172157,9183.01
-0.171997,9183.01
-0.171837,9183.01
-0.171677,9183.01
-0.171517,9183.01
-0.171357,9183.01
-0.171197,9183.01
-0.171037,9183.01
-0.170877,9183.01
-0.170717,9183.01
-0.170557,9183.01
-0.170397,9183.01
-0.170237,9183.01
-0.170077,9183.01
-0.169917,9183.01
-0.169757,9183.01
-0.169597,9183.01
-0.169437,9183.01
-0.169277,9183.01
-0.169117,9183.01
-0.168957,9183.01
-0.168797,9183.01
-0.168637,9183.01
-0.168477,9183.01
-0.168317,9183.01
-0.168157,9183.01
-0.167997,9183.01
-0.167837,9183.01
-0.167677,9183.01
-0.167517,9183.01
-0.167357,9183.01
-0.167197,9183.01
-0.167037,9183.01
-0.166877,9183.01
-0.166717,9183.01
-0.166557,9183.01
-0.166397,9183.01
-0.166237,9183.01
-0.166077,9183.01
-0.165917,9183.01
-0.165757,9183.01
-0.165597,9183.01
-0.165437,9183.01
-0.165277,9183.01
-0.165117,9183.01
-0.164956,9183.01
-0.164796,9183.01
-0.164636,9183.01
-0.164476,9183.01
-0.164316,9183.01
-0.164156,9183.01
-0.163996,9183.01
-0.163836,9183.01
-0.163676,9183.01
-0.163516,9183.01
-0.163356,9183.01
-0.163196,9183.01
-0.163036,9183.01
-0.162876,9183.01
-0.162716,9183.01
-0.162556,9183.01
-0.162396,9183.01
-0.162236,9183.01
-0.162076,9183.01
-0.161916,9183.01
-0.161756,9183.01
-0.161596,9183.01
-0.161436,9183.01
-0.161276,9183.01
-0.161116,9183.01
-0.160956,9183.01
-0.160796,9183.01
-0.160636,9183.01
-0.160476,9183.01
-0.160316,9183.01
-0.160156,9183.01
-0.159996,9183.01
-0.159836,9183.01
-0.159676,9183.01
-0.159516,9183.01
-0.159356,9183.01
-0.159196,9183.01
-0.159036,9183.01
-0.158876,9183.01
-0.158716,9183.01
-0.158556,9183.01
-0.158396,9183.01
-0.158236,9183.01
-0.158076,9183.01
-0.157916,9183.01
-0.157756,9183.01
-0.157596,9183.01
-0.157436,9183.01
-0.157276,9183.01
-0.157116,9183.01
-0.156956,9183.01
-0.156796,9183.01
-0.156636,9183.01
-0.156476,9183.01
-0.156316,9183.01
-0.156156,9183.01
-0.155996,9183.01
-0.155836,9183.01
-0.155676,9183.01
-0.155516,9183.01
-0.155356,9183.01
-0.155196,9183.01
-0.155036,9183.01
-0.154875,9183.01
-0.154715,9183.01
-0.154555,9183.01
-0.154395,9183.01
-0.154235,9183.01
-0.154075,9183.01
-0.153915,9183.01
-0.153755,9183.01
-0.153595,9183.01
-0.153435,9183.01
-0.153275,9183.01
-0.153115,9183.01
-0.152955,9183.01
-0.152795,9183.01
-0.152635,9183.01
-0.152475,9183.01
-0.152315,9183.01
-0.152155,9183.01
-0.151995,9183.01
-0.151835,9183.01
-0.151675,9183.01
-0.151515,9183.01
-0.151355,9183.01
-0.151195,9183.01
-0.151035,9183.01
-0.150875,9183.01
-0.150715,9183.01
-0.150555,9183.01
-0.150395,9183.01
-0.150235,9183.01
-0.150075,9183.01
-0.149915,9183.01
-0.149755,9183.01
-0.149595,9183.01
-0.149435,9183.01
-0.149275,9183.02
-0.149115,9183.02
-0.148955,9183.02
-0.148795,9183.02
-0.148635,9183.02
-0.148475,9183.02
-0.148315,9183.02
-0.148155,9183.02
-0.147995,9183.02
-0.147835,9183.02
-0.147675,9183.02
-0.147515,9183.02
-0.147355,9183.02
-0.147195,9183.02
-0.147035,9183.02
-0.146875,9183.02
-0.146715,9183.02
-0.146555,9183.02
-0.146395,9183.02
-0.146235,9183.02
-0.146075,9183.02
-0.145915,9183.02
-0.145755,9183.02
-0.145595,9183.02
-0.145435,9183.02
-0.145275,9183.02
-0.145115,9183.02
-0.144954,9183.02
-0.144794,9183.02
-0.144634,9183.02
-0.144474,9183.02
-0.144314,9183.02
-0.144154,9183.02
-0.143994,9183.02
-0.143834,9183.02
-0.143674,9183.02
-0.143514,9183.02
-0.143354,9183.02
-0.143194,9183.02
-0.143034,9183.02
-0.142874,9183.02
-0.142714,9183.02
-0.142554,9183.02
-0.142394,9183.02
-0.142234,9183.02
-0.142074,9183.02
-0.141914,9183.02
-0.141754,9183.02
-0.141594,9183.02
-0.141434,9183.02
-0.141274,9183.02
-0.141114,9183.02
-0.140954,9183.02
-0.140794,9183.02
-0.140634,9183.02
-0.140474,9183.02
-0.140314,9183.02
-0.140154,9183.02
-0.139994,9183.02
-0.139834,9183.02
-0.139674,9183.02
-0.139514,9183.02
-0.139354,9183.02
-0.139194,9183.02
-0.139034,9183.02
-0.138874,9183.02
-0.138714,9183.02
-0.138554,9183.02
-0.138394,9183.02
-0.138234,9183.02
-0.138074,9183.02
-0.137914,9183.02
-0.137754,9183.02
-0.137594,9183.02
-0.137434,9183.02
-0.137274,9183.02
-0.137114,9183.02
-0.136954,9183.02
-0.136794,9183.02
-0.136634,9183.02
-0.136474,9183.02
-0.136314,9183.02
-0.136154,9183.02
-0.135994,9183.02
-0.135834,9183.02
-0.135674,9183.02
-0.135514,9183.02
-0.135354,9183.02
-0.135194,9183.02
-0.135034,9183.02
-0.134873,9183.02
-0.134713,9183.02
-0.134553,9183.02
-0.134393,9183.02
-0.134233,9183.02
-0.134073,9183.02
-0.133913,9183.02
-0.133753,9183.02
-0.133593,9183.02
-0.133433,9183.02
-0.133273,9183.02
-0.133113,9183.02
-0.132953,9183.02
-0.132793,9183.02
-0.132633,9183.02
-0.132473,9183.02
-0.132313,9183.02
-0.132153,9183.02
-0.131993,9183.02
-0.131833,9183.02
-0.131673,9183.02
-0.131513,9183.02
-0.131353,9183.02
-0.131193,9183.02
-0.131033,9183.02
-0.130873,9183.02
-0.130713,9183.02
-0.130553,9183.02
-0.130393,9183.02
-0.130233,9183.02
-0.130073,9183.02
-0.129913,9183.02
-0.129753,9183.02
-0.129593,9183.02
-0.129433,9183.02
-0.129273,9183.02
-0.129113,9183.02
-0.128953,9183.02
-0.128793,9183.02
-0.128633,9183.02
-0.128473,9183.02
-0.128313,9183.02
-0.128153,9183.02
-0.127993,9183.02
-0.127833,9183.02
-0.127673,9183.02
-0.127513,9183.02
-0.127353,9183.02
-0.127193,9183.02
-0.127033,9183.02
-0.126873,9183.02
-0.126713,9183.02
-0.126553,9183.02
-0.126393,9183.02
-0.126233,9183.02
-0.126073,9183.02
-0.125913,9183.02
-0.125753,9183.02
-0.125593,9183.02
-0.125433,9183.02
-0.125273,9183.02
-0.125113,9183.02
-0.124952,9183.02
-0.124792,9183.02
-0.124632,9183.02
-0.124472,9183.02
-0.124312,9183.02
-0.124152,9183.03
-0.123992,9183.03
-0.123832,9183.03
-0.123672,9183.03
-0.123512,9183.03
-0.123352,9183.03
-0.123192,9183.03
-0.123032,9183.03
-0.122872,9183.03
-0.122712,9183.03
-0.122552,9183.03
-0.122392,9183.03
-0.122232,9183.03
-0.122072,9183.03
-0.121912,9183.03
-0.121752,9183.03
-0.121592,9183.03
-0.121432,9183.03
-0.121272,9183.03
-0.121112,9183.03
-0.120952,9183.03
-0.120792,9183.03
-0.120632,9183.03
-0.120472,9183.03
-0.120312,9183.03
-0.120152,9183.03
-0.119992,9183.03
-0.119832,9183.03
-0.119672,9183.03
-0.119512,9183.03
-0.119352,9183.03
-0.119192,9183.03
-0.119032,9183.03
-0.118872,9183.03
-0.118712,9183.03
-0.118552,9183.03
-0.118392,9183.03
-0.118232,9183.03
-0.118072,9183.03
-0.117912,9183.03
-0.117752,9183.03
-0.117592,9183.03
-0.117432,9183.03
-0.117272,9183.03
-0.117112,9183.03
-0.116952,9183.03
-0.116792,9183.03
-0.116632,9183.03
-0.116472,9183.03
-0.116312,9183.03
-0.116152,9183.03
-0.115992,9183.03
-0.115832,9183.03
-0.115672,9183.03
-0.115512,9183.03
-0.115352,9183.03
-0.115192,9183.03
-0.115032,9183.03
-0.114871,9183.03
-0.114711,9183.03
-0.114551,9183.03
-0.114391,9183.03
-0.114231,9183.03
-0.114071,9183.03
-0.113911,9183.03
-0.113751,9183.03
-0.113591,9183.03
-0.113431,9183.03
-0.113271,9183.03
-0.113111,9183.03
-0.112951,9183.03
-0.112791,9183.03
-0.112631,9183.03
-0.112471,9183.03
-0.112311,9183.03
-0.112151,9183.03
-0.111991,9183.03
-0.111831,9183.03
-0.111671,9183.03
-0.111511,9183.03
-0.111351,9183.03
-0.111191,9183.03
-0.111031,9183.03
-0.110871,9183.03
-0.110711,9183.03
-0.110551,9183.03
-0.110391,9183.03
-0.110231,9183.03
-0.110071,9183.03
-0.109911,9183.03
-0.109751,9183.03
-0.109591,9183.03
-0.109431,9183.03
-0.109271,9183.03
-0.109111,9183.03
-0.108951,9183.03
-0.108791,9183.03
-0.108631,9183.03
-0.108471,9183.03
-0.108311,9183.03
-0.108151,9183.03
-0.107991,9183.04
-0.107831,9183.04
-0.107671,9183.04
-0.107511,9183.04
-0.107351,9183.04
-0.107191,9183.04
-0.107031,9183.04
-0.106871,9183.04
-0.106711,9183.04
-0.106551,9183.04
-0.106391,9183.04
-0.106231,9183.04
-0.106071,9183.04
-0.105911,9183.04
-0.105751,9183.04
-0.105591,9183.04
-0.105431,9183.04
-0.105271,9183.04
-0.105111,9183.04
-0.10495,9183.04
-0.10479,9183.04
-0.10463,9183.04
-0.10447,9183.04
-0.10431,9183.04
-0.10415,9183.04
-0.10399,9183.04
-0.10383,9183.04
-0.10367,9183.04
-0.10351,9183.04
-0.10335,9183.04
-0.10319,9183.04
-0.10303,9183.04
-0.10287,9183.04
-0.10271,9183.04
-0.10255,9183.04
-0.10239,9183.04
-0.10223,9183.04
-0.10207,9183.04
-0.10191,9183.04
-0.10175,9183.04
-0.10159,9183.04
-0.10143,9183.04
-0.10127,9183.04
-0.10111,9183.04
-0.10095,9183.04
-0.10079,9183.04
-0.10063,9183.04
-0.10047,9183.04
-0.10031,9183.04
-0.10015,9183.04
-0.09999,9183.04
-0.09983,9183.04
-0.09967,9183.04
-0.09951,9183.04
-0.0993499,9183.04
-0.0991899,9183.04
-0.0990299,9183.04
-0.0988699,9183.04
-0.0987099,9183.04
-0.0985499,9183.04
-0.0983898,9183.04
-0.0982298,9183.04
-0.0980698,9183.04
-0.0979098,9183.04
-0.0977498,9183.04
-0.0975898,9183.04
-0.0974297,9183.04
-0.0972697,9183.04
-0.0971097,9183.04
-0.0969497,9183.04
-0.0967897,9183.04
-0.0966297,9183.04
-0.0964696,9183.04
-0.0963096,9183.04
-0.0961496,9183.04
-0.0959896,9183.04
-0.0958296,9183.04
-0.0956696,9183.04
-0.0955096,9183.04
-0.0953495,9183.04
-0.0951895,9183.04
-0.0950295,9183.04
-0.0948695,9183.04
-0.0947095,9183.04
-0.0945495,9183.04
-0.0943894,9183.04
-0.0942294,9183.04
-0.0940694,9183.04
-0.0939094,9183.04
-0.0937494,9183.04
-0.0935894,9183.04
-0.0934293,9183.04
-0.0932693,9183.04
-0.0931093,9183.04
-0.0929493,9183.04
-0.0927893,9183.04
-0.0926293,9183.04
-0.0924692,9183.04
-0.0923092,9183.04
-0.0921492,9183.04
-0.0919892,9183.04
-0.0918292,9183.04
-0.0916692,9183.04
-0.0915092,9183.04
-0.0913491,9183.04
-0.0911891,9183.04
-0.0910291,9183.04
-0.0908691,9183.04
-0.0907091,9183.04
-0.0905491,9183.04
-0.090389,9183.04
-0.090229,9183.04
-0.090069,9183.04
-0.089909,9183.04
-0.089749,9183.04
-0.089589,9183.04
-0.0894289,9183.04
-0.0892689,9183.04
-0.0891089,9183.04
-0.0889489,9183.04
-0.0887889,9183.04
-0.0886289,9183.04
-0.0884688,9183.04
-0.0883088,9183.04
-0.0881488,9183.04
-0.0879888,9183.04
-0.0878288,9183.04
-0.0876688,9183.04
-0.0875088,9183.04
-0.0873487,9183.04
-0.0871887,9183.04
-0.0870287,9183.04
-0.0868687,9183.04
-0.0867087,9183.04
-0.0865487,9183.04
-0.0863886,9183.04
-0.0862286,9183.04
-0.0860686,9183.04
-0.0859086,9183.04
-0.0857486,9183.04
-0.0855886,9183.04
-0.0854285,9183.04
-0.0852685,9183.04
-0.0851085,9183.04
-0.0849485,9183.04
-0.0847885,9183.04
-0.0846285,9183.04
-0.0844684,9183.04
-0.0843084,9183.04
-0.0841484,9183.04
-0.0839884,9183.04
-0.0838284,9183.04
-0.0836684,9183.04
-0.0835084,9183.04
-0.0833483,9183.05
-0.0831883,9183.05
-0.0830283,9183.05
-0.0828683,9183.05
-0.0827083,9183.05
-0.0825483,9183.05
-0.0823882,9183.05
-0.0822282,9183.05
-0.0820682,9183.05
-0.0819082,9183.05
-0.0817482,9183.05
-0.0815882,9183.05
-0.0814281,9183.05
-0.0812681,9183.05
-0.0811081,9183.05
-0.0809481,9183.05
-0.0807881,9183.05
-0.0806281,9183.05
-0.080468,9183.05
-0.080308,9183.05
-0.080148,9183.05
-0.079988,9183.05
-0.079828,9183.05
-0.079668,9183.05
-0.079508,9183.05
-0.0793479,9183.05
-0.0791879,9183.05
-0.0790279,9183.05
-0.0788679,9183.05
-0.0787079,9183.05
-0.0785479,9183.05
-0.0783878,9183.05
-0.0782278,9183.05
-0.0780678,9183.05
-0.0779078,9183.05
-0.0777478,9183.05
-0.0775878,9183.05
-0.0774277,9183.05
-0.0772677,9183.05
-0.0771077,9183.05
-0.0769477,9183.05
-0.0767877,9183.05
-0.0766277,9183.05
-0.0764676,9183.05
-0.0763076,9183.05
-0.0761476,9183.05
-0.0759876,9183.05
-0.0758276,9183.05
-0.0756676,9183.05
-0.0755076,9183.05
-0.0753475,9183.05
-0.0751875,9183.05
-0.0750275,9183.05
-0.0748675,9183.05
-0.0747075,9183.05
-0.0745475,9183.05
-0.0743874,9183.05
-0.0742274,9183.05
-0.0740674,9183.05
-0.0739074,9183.05
-0.0737474,9183.05
-0.0735874,9183.05
-0.0734273,9183.05
-0.0732673,9183.05
-0.0731073,9183.05
-0.0729473,9183.05
-0.0727873,9183.05
-0.0726273,9183.05
-0.0724672,9183.05
-0.0723072,9183.05
-0.0721472,9183.05
-0.0719872,9183.05
-0.0718272,9183.05
-0.0716672,9183.05
-0.0715072,9183.05
-0.0713471,9183.05
-0.0711871,9183.05
-0.0710271,9183.05
-0.0708671,9183.05
-0.0707071,9183.05
-0.0705471,9183.05
-0.070387,9183.05
-0.070227,9183.05
-0.070067,9183.05
-0.069907,9183.05
-0.069747,9183.05
-0.069587,9183.05
-0.0694269,9183.05
-0.0692669,9183.05
-0.0691069,9183.05
-0.0689469,9183.05
-0.0687869,9183.05
-0.0686269,9183.05
-0.0684668,9183.05
-0.0683068,9183.05
-0.0681468,9183.05
-0.0679868,9183.05
-0.0678268,9183.05
-0.0676668,9183.05
-0.0675068,9183.05
-0.0673467,9183.05
-0.0671867,9183.05
-0.0670267,9183.05
-0.0668667,9183.05
-0.0667067,9183.05
-0.0665467,9183.05
-0.0663866,9183.05
-0.0662266,9183.05
-0.0660666,9183.05
-0.0659066,9183.05
-0.0657466,9183.05
-0.0655866,9183.05
-0.0654265,9183.05
-0.0652665,9183.05
-0.0651065,9183.05
-0.0649465,9183.05
-0.0647865,9183.05
-0.0646265,9183.05
-0.0644664,9183.05
-0.0643064,9183.05
-0.0641464,9183.05
-0.0639864,9183.05
-0.0638264,9183.05
-0.0636664,9183.05
-0.0635064,9183.05
-0.0633463,9183.05
-0.0631863,9183.05
-0.0630263,9183.05
-0.0628663,9183.05
-0.0627063,9183.05
-0.0625463,9183.05
-0.0623862,9183.05
-0.0622262,9183.05
-0.0620662,9183.05
-0.0619062,9183.05
-0.0617462,9183.05
-0.0615862,9183.05
-0.0614261,9183.05
-0.0612661,9183.05
-0.0611061,9183.05
-0.0609461,9183.05
-0.0607861,9183.05
-0.0606261,9183.05
-0.060466,9183.05
-0.060306,9183.05
-0.060146,9183.05
-0.059986,9183.05
-0.059826,9183.05
-0.059666,9183.05
-0.059506,9183.05
-0.0593459,9183.05
-0.0591859,9183.05
-0.0590259,9183.05
-0.0588659,9183.06
-0.0587059,9183.06
-0.0585459,9183.06
-0.0583858,9183.06
-0.0582258,9183.06
-0.0580658,9183.06
-0.0579058,9183.06
-0.0577458,9183.06
-0.0575858,9183.06
-0.0574257,9183.06
-0.0572657,9183.06
-0.0571057,9183.06
-0.0569457,9183.06
-0.0567857,9183.06
-0.0566257,9183.06
-0.0564656,9183.06
-0.0563056,9183.06
-0.0561456,9183.06
-0.0559856,9183.06
-0.0558256,9183.06
-0.0556656,9183.06
-0.0555056,9183.06
-0.0553455,9183.06
-0.0551855,9183.06
-0.0550255,9183.06
-0.0548655,9183.06
-0.0547055,9183.06
-0.0545455,9183.06
-0.0543854,9183.06
-0.0542254,9183.06
-0.0540654,9183.06
-0.0539054,9183.06
-0.0537454,9183.06
-0.0535854,9183.06
-0.0534253,9183.06
-0.0532653,9183.06
-0.0531053,9183.06
-0.0529453,9183.06
-0.0527853,9183.06
-0.0526253,9183.06
-0.0524652,9183.06
-0.0523052,9183.06
-0.0521452,9183.06
-0.0519852,9183.06
-0.0518252,9183.06
-0.0516652,9183.06
-0.0515052,9183.06
-0.0513451,9183.06
-0.0511851,9183.06
-0.0510251,9183.06
-0.0508651,9183.06
-0.0507051,9183.06
-0.0505451,9183.06
-0.050385,9183.06
-0.050225,9183.06
-0.050065,9183.06
-0.049905,9183.06
-0.049745,9183.06
-0.049585,9183.06
-0.0494249,9183.06
-0.0492649,9183.06
-0.0491049,9183.06
-0.0489449,9183.06
-0.0487849,9183.06
-0.0486249,9183.06
-0.0484648,9183.06
-0.0483048,9183.06
-0.0481448,9183.06
-0.0479848,9183.06
-0.0478248,9183.06
-0.0476648,9183.06
-0.0475048,9183.06
-0.0473447,9183.06
-0.0471847,9183.06
-0.0470247,9183.06
-0.0468647,9183.06
-0.0467047,9183.06
-0.0465447,9183.06
-0.0463846,9183.06
-0.0462246,9183.06
-0.0460646,9183.06
-0.0459046,9183.06
-0.0457446,9183.06
-0.0455846,9183.06
-0.0454245,9183.06
-0.0452645,9183.06
-0.0451045,9183.06
-0.0449445,9183.06
-0.0447845,9183.06
-0.0446245,9183.06
-0.0444644,9183.06
-0.0443044,9183.06
-0.0441444,9183.06
-0.0439844,9183.06
-0.0438244,9183.06
-0.0436644,9183.06
-0.0435044,9183.06
-0.0433443,9183.06
-0.0431843,9183.06
-0.0430243,9183.06
-0.0428643,9183.06
-0.0427043,9183.06
-0.0425443,9183.06
-0.0423842,9183.06
-0.0422242,9183.06
-0.0420642,9183.06
-0.0419042,9183.06
-0.0417442,9183.06
-0.0415842,9183.06
-0.0414241,9183.06
-0.0412641,9183.06
-0.0411041,9183.06
-0.0409441,9183.06
-0.0407841,9183.06
-0.0406241,9183.06
-0.040464,9183.06
-0.040304,9183.06
-0.040144,9183.06
-0.039984,9183.06
-0.039824,9183.06
-0.039664,9183.06
-0.039504,9183.06
-0.0393439,9183.06
-0.0391839,9183.06
-0.0390239,9183.06
-0.0388639,9183.06
-0.0387039,9183.06
-0.0385439,9183.06
-0.0383838,9183.06
-0.0382238,9183.06
-0.0380638,9183.06
-0.0379038,9183.06
-0.0377438,9183.06
-0.0375838,9183.06
-0.0374237,9183.06
-0.0372637,9183.06
-0.0371037,9183.06
-0.0369437,9183.06
-0.0367837,9183.06
-0.0366237,9183.06
-0.0364636,9183.06
-0.0363036,9183.06
-0.0361436,9183.06
-0.0359836,9183.06
-0.0358236,9183.06
-0.0356636,9183.06
-0.0355036,9183.06
-0.0353435,9183.06
-0.0351835,9183.06
-0.0350235,9183.06
-0.0348635,9183.06
-0.0347035,9183.06
-0.0345435,9183.06
-0.0343834,9183.06
-0.0342234,9183.06
-0.0340634,9183.06
-0.0339034,9183.06
-0.0337434,9183.06
-0.0335834,9183.06
-0.0334233,9183.06
-0.0332633,9183.06
-0.0331033,9183.06
-0.0329433,9183.06
-0.0327833,9183.06
-0.0326233,9183.06
-0.0324632,9183.07
-0.0323032,9183.07
-0.0321432,9183.07
-0.0319832,9183.07
-0.0318232,9183.07
-0.0316632,9183.07
-0.0315032,9183.07
-0.0313431,9183.07
-0.0311831,9183.07
-0.0310231,9183.07
-0.0308631,9183.07
-0.0307031,9183.07
-0.0305431,9183.07
-0.030383,9183.07
-0.030223,9183.07
-0.030063,9183.07
-0.029903,9183.07
-0.029743,9183.07
-0.029583,9183.07
-0.0294229,9183.07
-0.0292629,9183.07
-0.0291029,9183.07
-0.0289429,9183.07
-0.0287829,9183.07
-0.0286229,9183.07
-0.0284628,9183.07
-0.0283028,9183.07
-0.0281428,9183.07
-0.0279828,9183.07
-0.0278228,9183.07
-0.0276628,9183.07
-0.0275028,9183.07
-0.0273427,9183.07
-0.0271827,9183.07
-0.0270227,9183.07
-0.0268627,9183.07
-0.0267027,9183.07
-0.0265427,9183.07
-0.0263826,9183.07
-0.0262226,9183.07
-0.0260626,9183.07
-0.0259026,9183.07
-0.0257426,9183.07
-0.0255826,9183.07
-0.0254225,9183.07
-0.0252625,9183.07
-0.0251025,9183.07
-0.0249425,9183.07
-0.0247825,9183.07
-0.0246225,9183.07
-0.0244624,9183.07
-0.0243024,9183.07
-0.0241424,9183.07
-0.0239824,9183.07
-0.0238224,9183.07
-0.0236624,9183.07
-0.0235024,9183.07
-0.0233423,9183.07
-0.0231823,9183.07
-0.0230223,9183.07
-0.0228623,9183.07
-0.0227023,9183.07
-0.0225423,9183.07
-0.0223822,9183.07
-0.0222222,9183.07
-0.0220622,9183.07
-0.0219022,9183.07
-0.0217422,9183.07
-0.0215822,9183.07
-0.0214221,9183.07
-0.0212621,9183.07
-0.0211021,9183.07
-0.0209421,9183.07
-0.0207821,9183.07
-0.0206221,9183.07
-0.020462,9183.07
-0.020302,9183.07
-0.020142,9183.07
-0.019982,9183.07
-0.019822,9183.07
-0.019662,9183.07
-0.019502,9183.07
-0.0193419,9183.07
-0.0191819,9183.07
-0.0190219,9183.07
-0.0188619,9183.07
-0.0187019,9183.07
-0.0185419,9183.07
-0.0183818,9183.07
-0.0182218,9183.07
-0.0180618,9183.07
-0.0179018,9183.07
-0.0177418,9183.07
-0.0175818,9183.07
-0.0174217,9183.07
-0.0172617,9183.07
-0.0171017,9183.07
-0.0169417,9183.07
-0.0167817,9183.07
-0.0166217,9183.07
-0.0164616,9183.07
-0.0163016,9183.07
-0.0161416,9183.08
-0.0159816,9183.08
-0.0158216,9183.08
-0.0156616,9183.08
-0.0155016,9183.08
-0.0153415,9183.08
-0.0151815,9183.08
-0.0150215,9183.08
-0.0148615,9183.08
-0.0147015,9183.08
-0.0145415,9183.08
-0.0143814,9183.08
-0.0142214,9183.08
-0.0140614,9183.08
-0.0139014,9183.08
-0.0137414,9183.08
-0.0135814,9183.08
-0.0134213,9183.08
-0.0132613,9183.08
-0.0131013,9183.08
-0.0129413,9183.08
-0.0127813,9183.08
-0.0126213,9183.08
-0.0124612,9183.08
-0.0123012,9183.08
-0.0121412,9183.08
-0.0119812,9183.08
-0.0118212,9183.08
-0.0116612,9183.08
-0.0115012,9183.08
-0.0113411,9183.08
-0.0111811,9183.08
-0.0110211,9183.08
-0.0108611,9183.08
-0.0107011,9183.08
-0.0105411,9183.08
-0.010381,9183.08
-0.010221,9183.08
-0.010061,9183.08
-0.00990099,9183.08
-0.00974097,9183.08
-0.00958096,9183.08
-0.00942094,9183.08
-0.00926093,9183.08
-0.00910091,9183.08
-0.00894089,9183.08
-0.00878088,9183.08
-0.00862086,9183.08
-0.00846085,9183.08
-0.00830083,9183.08
-0.00814081,9183.08
-0.0079808,9183.08
-0.00782078,9183.08
-0.00766077,9183.08
-0.00750075,9183.08
-0.00734073,9183.08
-0.00718072,9183.08
-0.0070207,9183.08
-0.00686069,9183.08
-0.00670067,9183.08
-0.00654065,9183.08
-0.00638064,9183.08
-0.00622062,9183.08
-0.00606061,9183.08
-0.00590059,9183.08
-0.00574057,9183.08
-0.00558056,9183.08
-0.00542054,9183.08
-0.00526053,9183.08
-0.00510051,9183.08
-0.00494049,9183.08
-0.00478048,9183.08
-0.00462046,9183.08
-0.00446045,9183.08
-0.00430043,9183.08
-0.00414041,9183.08
-0.0039804,9183.08
-0.00382038,9183.08
-0.00366037,9183.08
-0.00350035,9183.08
-0.00334033,9183.08
-0.00318032,9183.08
-0.0030203,9183.08
-0.00286029,9183.08
-0.00270027,9183.08
-0.00254025,9183.08
-0.00238024,9183.08
-0.00222022,9183.08
-0.00206021,9183.08
-0.00190019,9183.08
-0.00174017,9183.08
-0.00158016,9183.08
-0.00142014,9183.08
-0.00126013,9183.08
-0.00110011,9183.08
-0.000940094,9183.08
-0.000780078,9183.08
-0.000620062,9183.08
-0.000460046,9183.08
-0.00030003,9183.08
-0.000140014,9183.08
2.0002e-05,9183.08
0.000180018,9183.08
0.000340034,9183.08
0.00050005,9183.08
0.000660066,9183.08
0.000820082,9183.08
0.000980098,9183.08
0.00114011,9183.08
0.00130013,9183.08
0.00146015,9183.08
0.00162016,9183.08
0.00178018,9183.08
0.00194019,9183.08
0.00210021,9183.08
0.00226023,9183.08
0.00242024,9183.08
0.00258026,9183.08
0.00274027,9183.08
0.00290029,9183.08
0.00306031,9183.08
0.00322032,9183.08
0.00338034,9183.08
0.00354035,9183.08
0.00370037,9183.08
0.00386039,9183.08
0.0040204,9183.08
0.00418042,9183.08
0.00434043,9183.08
0.00450045,9183.08
0.00466047,9183.08
0.00482048,9183.08
0.0049805,9183.08
0.00514051,9183.08
0.00530053,9183.08
0.00546055,9183.08
0.00562056,9183.08
0.00578058,9183.08
0.00594059,9183.08
0.00610061,9183.08
0.00626063,9183.08
0.00642064,9183.08
0.00658066,9183.08
0.00674067,9183.08
0.00690069,9183.08
0.00706071,9183.08
0.00722072,9183.08
0.00738074,9183.08
0.00754075,9183.08
0.00770077,9183.08
0.00786079,9183.09
0.0080208,9183.09
0.00818082,9183.09
0.00834083,9183.09
0.00850085,9183.09
0.00866087,9183.09
0.00882088,9183.09
0.0089809,9183.09
0.00914091,9183.09
0.00930093,9183.09
0.00946095,9183.09
0.00962096,9183.09
0.00978098,9183.09
0.00994099,9183.09
0.010101,9183.09
0.010261,9183.09
0.010421,9183.09
0.0105811,9183.09
0.0107411,9183.09
0.0109011,9183.09
0.0110611,9183.09
0.0112211,9183.09
0.0113811,9183.09
0.0115412,9183.09
0.0117012,9183.09
0.0118612,9183.09
0.0120212,9183.09
0.0121812,9183.09
0.0123412,9183.09
0.0125013,9183.09
0.0126613,9183.09
0.0128213,9183.09
0.0129813,9183.09
0.0131413,9183.09
0.0133013,9183.09
0.0134613,9183.09
0.0136214,9183.09
0.0137814,9183.09
0.0139414,9183.09
0.0141014,9183.09
0.0142614,9183.09
0.0144214,9183.09
0.0145815,9183.09
0.0147415,9183.09
0.0149015,9183.09
0.0150615,9183.09
0.0152215,9183.09
0.0153815,9183.09
0.0155416,9183.09
0.0157016,9183.09
0.0158616,9183.09
0.0160216,9183.09
0.0161816,9183.09
0.0163416,9183.09
0.0165017,9183.09
0.0166617,9183.09
0.0168217,9183.09
0.0169817,9183.09
0.0171417,9183.09
0.0173017,9183.09
0.0174617,9183.09
0.0176218,9183.09
0.0177818,9183.09
0.0179418,9183.09
0.0181018,9183.09
0.0182618,9183.09
0.0184218,9183.09
0.0185819,9183.09
0.0187419,9183.09
0.0189019,9183.09
0.0190619,9183.09
0.0192219,9183.09
0.0193819,9183.09
0.019542,9183.09
0.019702,9183.09
0.019862,9183.09
0.020022,9183.09
0.020182,9183.09
0.020342,9183.09
0.0205021,9183.09
0.0206621,9183.09
0.0208221,9183.09
0.0209821,9183.09
0.0211421,9183.09
0.0213021,9183.09
0.0214621,9183.09
0.0216222,9183.09
0.0217822,9183.09
0.0219422,9183.09
0.0221022,9183.09
0.0222622,9183.09
0.0224222,9183.09
0.0225823,9183.09
0.0227423,9183.09
0.0229023,9183.09
0.0230623,9183.09
0.0232223,9183.09
0.0233823,9183.09
0.0235424,9183.09
0.0237024,9183.09
0.0238624,9183.09
0.0240224,9183.09
0.0241824,9183.09
0.0243424,9183.09
0.0245025,9183.09
0.0246625,9183.09
0.0248225,9183.09
0.0249825,9183.09
0.0251425,9183.09
0.0253025,9183.09
0.0254625,9183.09
0.0256226,9183.09
0.0257826,9183.09
0.0259426,9183.09
0.0261026,9183.09
0.0262626,9183.09
0.0264226,9183.09
0.0265827,9183.09
0.0267427,9183.09
0.0269027,9183.09
0.0270627,9183.09
0.0272227,9183.09
0.0273827,9183.09
0.0275428,9183.09
0.0277028,9183.09
0.0278628,9183.09
0.0280228,9183.09
0.0281828,9183.09
0.0283428,9183.09
0.0285029,9183.1
0.0286629,9183.1
0.0288229,9183.1
0.0289829,9183.1
0.0291429,9183.1
0.0293029,9183.1
0.0294629,9183.1
0.029623,9183.1
0.029783,9183.1
0.029943,9183.1
0.030103,9183.1
0.030263,9183.1
0.030423,9183.1
0.0305831,9183.1
0.0307431,9183.1
0.0309031,9183.1
0.0310631,9183.1
0.0312231,9183.1
0.0313831,9183.1
0.0315432,9183.1
0.0317032,9183.1
0.0318632,9183.1
0.0320232,9183.1
0.0321832,9183.1
0.0323432,9183.1
0.0325033,9183.1
0.0326633,9183.1
0.0328233,9183.1
0.0329833,9183.1
0.0331433,9183.1
0.0333033,9183.1
0.0334633,9183.1
0.0336234,9183.1
0.0337834,9183.1
0.0339434,9183.1
0.0341034,9183.1
0.0342634,9183.1
0.0344234,9183.1
0.0345835,9183.1
0.0347435,9183.1
0.0349035,9183.1
0.0350635,9183.1
0.0352235,9183.1
0.0353835,9183.1
0.0355436,9183.1
0.0357036,9183.1
0.0358636,9183.1
0.0360236,9183.1
0.0361836,9183.1
0.0363436,9183.1
0.0365037,9183.1
0.0366637,9183.1
0.0368237,9183.1
0.0369837,9183.1
0.0371437,9183.1
0.0373037,9183.1
0.0374637,9183.1
0.0376238,9183.1
0.0377838,9183.1
0.0379438,9183.1
0.0381038,9183.1
0.0382638,9183.1
0.0384238,9183.1
0.0385839,9183.1
0.0387439,9183.1
0.0389039,9183.1
0.0390639,9183.1
0.0392239,9183.1
0.0393839,9183.1
0.039544,9183.1
0.039704,9183.1
0.039864,9183.1
0.040024,9183.1
0.040184,9183.1
0.040344,9183.1
0.0405041,9183.1
0.0406641,9183.1
0.0408241,9183.1
0.0409841,9183.1
0.0411441,9183.1
0.0413041,9183.1
0.0414641,9183.1
0.0416242,9183.1
0.0417842,9183.1
0.0419442,9183.1
0.0421042,9183.1
0.0422642,9183.1
0.0424242,9183.1
0.0425843,9183.1
0.0427443,9183.1
0.0429043,9183.1
0.0430643,9183.1
0.0432243,9183.1
0.0433843,9183.1
0.0435444,9183.1
0.0437044,9183.1
0.0438644,9183.1
0.0440244,9183.1
0.0441844,9183.1
0.0443444,9183.1
0.0445045,9183.1
0.0446645,9183.1
0.0448245,9183.1
0.0449845,9183.11
0.0451445,9183.11
0.0453045,9183.11
0.0454645,9183.11
0.0456246,9183.11
0.0457846,9183.11
0.0459446,9183.11
0.0461046,9183.11
0.0462646,9183.11
0.0464246,9183.11
0.0465847,9183.11
0.0467447,9183.11
0.0469047,9183.11
0.0470647,9183.11
0.0472247,9183.11
0.0473847,9183.11
0.0475448,9183.11
0.0477048,9183.11
0.0478648,9183.11
0.0480248,9183.11
0.0481848,9183.11
0.0483448,9183.11
0.0485049,9183.11
0.0486649,9183.11
0.0488249,9183.11
0.0489849,9183.11
0.0491449,9183.11
0.0493049,9183.11
0.0494649,9183.11
0.049625,9183.11
0.049785,9183.11
0.049945,9183.11
0.050105,9183.11
0.050265,9183.11
0.050425,9183.11
0.0505851,9183.11
0.0507451,9183.11
0.0509051,9183.11
0.0510651,9183.11
0.0512251,9183.11
0.0513851,9183.11
0.0515452,9183.11
0.0517052,9183.11
0.0518652,9183.11
0.0520252,9183.11
0.0521852,9183.11
0.0523452,9183.11
0.0525053,9183.11
0.0526653,9183.11
0.0528253,9183.11
0.0529853,9183.11
0.0531453,9183.11
0.0533053,9183.11
0.0534653,9183.11
0.0536254,9183.11
0.0537854,9183.11
0.0539454,9183.11
0.0541054,9183.11
0.0542654,9183.11
0.0544254,9183.11
0.0545855,9183.11
0.0547455,9183.11
0.0549055,9183.11
0.0550655,9183.11
0.0552255,9183.11
0.0553855,9183.11
0.0555456,9183.11
0.0557056,9183.11
0.0558656,9183.11
0.0560256,9183.11
0.0561856,9183.11
0.0563456,9183.11
0.0565057,9183.11
0.0566657,9183.11
0.0568257,9183.11
0.0569857,9183.11
0.0571457,9183.11
0.0573057,9183.11
0.0574657,9183.11
0.0576258,9183.11
0.0577858,9183.11
0.0579458,9183.11
0.0581058,9183.11
0.0582658,9183.11
0.0584258,9183.11
0.0585859,9183.11
0.0587459,9183.11
0.0589059,9183.11
0.0590659,9183.11
0.0592259,9183.11
0.0593859,9183.11
0.059546,9183.11
0.059706,9183.11
0.059866,9183.11
0.060026,9183.11
0.060186,9183.11
0.060346,9183.11
0.0605061,9183.11
0.0606661,9183.11
0.0608261,9183.11
0.0609861,9183.11
0.0611461,9183.11
0.0613061,9183.11
0.0614661,9183.11
0.0616262,9183.11
0.0617862,9183.11
0.0619462,9183.11
0.0621062,9183.11
0.0622662,9183.11
0.0624262,9183.11
0.0625863,9183.11
0.0627463,9183.11
0.0629063,9183.11
0.0630663,9183.11
0.0632263,9183.11
0.0633863,9183.11
0.0635464,9183.11
0.0637064,9183.11
0.0638664,9183.11
0.0640264,9183.11
0.0641864,9183.11
0.0643464,9183.11
0.0645065,9183.11
0.0646665,9183.11
0.0648265,9183.11
0.0649865,9183.11
0.0651465,9183.11
0.0653065,9183.11
0.0654665,9183.11
0.0656266,9183.11
0.0657866,9183.11
0.0659466,9183.11
0.0661066,9183.11
0.0662666,9183.11
0.0664266,9183.11
0.0665867,9183.11
0.0667467,9183.11
0.0669067,9183.11
0.0670667,9183.11
0.0672267,9183.11
0.0673867,9183.11
0.0675468,9183.11
0.0677068,9183.11
0.0678668,9183.11
0.0680268,9183.11
0.0681868,9183.12
0.0683468,9183.12
0.0685069,9183.12
0.0686669,9183.12
0.0688269,9183.12
0.0689869,9183.12
0.0691469,9183.12
0.0693069,9183.12
0.0694669,9183.12
0.069627,9183.12
0.069787,9183.12
0.069947,9183.12
0.070107,9183.12
0.070267,9183.12
0.070427,9183.12
0.0705871,9183.12
0.0707471,9183.12
0.0709071,9183.12
0.0710671,9183.12
0.0712271,9183.12
0.0713871,9183.12
0.0715472,9183.12
0.0717072,9183.12
0.0718672,9183.12
0.0720272,9183.12
0.0721872,9183.12
0.0723472,9183.12
0.0725073,9183.12
0.0726673,9183.12
0.0728273,9183.12
0.0729873,9183.12
0.0731473,9183.12
0.0733073,9183.12
0.0734673,9183.12
0.0736274,9183.12
0.0737874,9183.12
0.0739474,9183.12
0.0741074,9183.12
0.0742674,9183.12
0.0744274,9183.12
0.0745875,9183.12
0.0747475,9183.12
0.0749075,9183.12
0.0750675,9183.12
0.0752275,9183.12
0.0753875,9183.12
0.0755476,9183.12
0.0757076,9183.12
0.0758676,9183.12
0.0760276,9183.12
0.0761876,9183.12
0.0763476,9183.12
0.0765077,9183.12
0.0766677,9183.12
0.0768277,9183.12
0.0769877,9183.12
0.0771477,9183.12
0.0773077,9183.12
0.0774677,9183.12
0.0776278,9183.12
0.0777878,9183.12
0.0779478,9183.12
0.0781078,9183.12
0.0782678,9183.12
0.0784278,9183.12
0.0785879,9183.12
0.0787479,9183.12
0.0789079,9183.12
0.0790679,9183.12
0.0792279,9183.12
0.0793879,9183.12
0.079548,9183.12
0.079708,9183.12
0.079868,9183.12
0.080028,9183.12
0.080188,9183.12
0.080348,9183.12
0.0805081,9183.12
0.0806681,9183.12
0.0808281,9183.12
0.0809881,9183.12
0.0811481,9183.12
0.0813081,9183.12
0.0814681,9183.12
0.0816282,9183.12
0.0817882,9183.12
0.0819482,9183.12
0.0821082,9183.12
0.0822682,9183.12
0.0824282,9183.12
0.0825883,9183.12
0.0827483,9183.12
0.0829083,9183.12
0.0830683,9183.12
0.0832283,9183.12
0.0833883,9183.12
0.0835484,9183.12
0.0837084,9183.12
0.0838684,9183.12
0.0840284,9183.12
0.0841884,9183.12
0.0843484,9183.12
0.0845085,9183.12
0.0846685,9183.12
0.0848285,9183.12
0.0849885,9183.12
0.0851485,9183.12
0.0853085,9183.12
0.0854685,9183.12
0.0856286,9183.12
0.0857886,9183.12
0.0859486,9183.12
0.0861086,9183.12
0.0862686,9183.12
0.0864286,9183.12
0.0865887,9183.12
0.0867487,9183.12
0.0869087,9183.12
0.0870687,9183.12
0.0872287,9183.12
0.0873887,9183.12
0.0875488,9183.12
0.0877088,9183.12
0.0878688,9183.12
0.0880288,9183.12
0.0881888,9183.12
0.0883488,9183.12
0.0885089,9183.12
0.0886689,9183.12
0.0888289,9183.12
0.0889889,9183.12
0.0891489,9183.12
0.0893089,9183.12
0.0894689,9183.12
0.089629,9183.13
0.089789,9183.13
0.089949,9183.13
0.090109,9183.13
0.090269,9183.13
0.090429,9183.13
0.0905891,9183.13
0.0907491,9183.13
0.0909091,9183.13
0.0910691,9183.13
0.0912291,9183.13
0.0913891,9183.13
0.0915492,9183.13
0.0917092,9183.13
0.0918692,9183.13
0.0920292,9183.13
0.0921892,9183.13
0.0923492,9183.13
0.0925093,9183.13
0.0926693,9183.13
0.0928293,9183.13
0.0929893,9183.13
0.0931493,9183.13
0.0933093,9183.13
0.0934693,9183.13
0.0936294,9183.13
0.0937894,9183.13
0.0939494,9183.13
0.0941094,9183.13
0.0942694,9183.13
0.0944294,9183.13
0.0945895,9183.13
0.0947495,9183.13
0.0949095,9183.13
0.0950695,9183.13
0.0952295,9183.13
0.0953895,9183.13
0.0955496,9183.13
0.0957096,9183.13
0.0958696,9183.13
0.0960296,9183.13
0.0961896,9183.13
0.0963496,9183.13
0.0965097,9183.13
0.0966697,9183.13
0.0968297,9183.13
0.0969897,9183.13
0.0971497,9183.13
0.0973097,9183.13
0.0974697,9183.13
0.0976298,9183.13
0.0977898,9183.13
0.0979498,9183.13
0.0981098,9183.13
0.0982698,9183.13
0.0984298,9183.13
0.0985899,9183.13
0.0987499,9183.13
0.0989099,9183.13
0.0990699,9183.13
0.0992299,9183.13
0.0993899,9183.13
0.09955,9183.13
0.09971,9183.13
0.09987,9183.13
0.10003,9183.13
0.10019,9183.13
0.10035,9183.13
0.10051,9183.13
0.10067,9183.13
0.10083,9183.13
0.10099,9183.13
0.10115,9183.13
0.10131,9183.13
0.10147,9183.13
0.10163,9183.13
0.10179,9183.13
0.10195,9183.13
0.10211,9183.13
0.10227,9183.13
0.10243,9183.13
0.10259,9183.13
0.10275,9183.13
0.10291,9183.13
0.10307,9183.13
0.10323,9183.13
0.10339,9183.13
0.10355,9183.13
0.10371,9183.13
0.10387,9183.13
0.10403,9183.13
0.10419,9183.13
0.10435,9183.13
0.10451,9183.13
0.10467,9183.13
0.10483,9183.13
0.10499,9183.13
0.105151,9183.13
0.105311,9183.13
0.105471,9183.14
0.105631,9183.14
0.105791,9183.14
0.105951,9183.14
0.106111,9183.14
0.106271,9183.14
0.106431,9183.14
0.106591,9183.14
0.106751,9183.14
0.106911,9183.14
0.107071,9183.14
0.107231,9183.14
0.107391,9183.14
0.107551,9183.14
0.107711,9183.14
0.107871,9183.14
0.108031,9183.14
0.108191,9183.14
0.108351,9183.14
0.108511,9183.14
0.108671,9183.14
0.108831,9183.14
0.108991,9183.14
0.109151,9183.14
0.109311,9183.14
0.109471,9183.14
0.109631,9183.14
0.109791,9183.14
0.109951,9183.14
0.110111,9183.14
0.110271,9183.14
0.110431,9183.14
0.110591,9183.14
0.110751,9183.14
0.110911,9183.14
0.111071,9183.14
0.111231,9183.14
0.111391,9183.14
0.111551,9183.14
0.111711,9183.14
0.111871,9183.14
0.112031,9183.14
0.112191,9183.14
0.112351,9183.14
0.112511,9183.14
0.112671,9183.14
0.112831,9183.14
0.112991,9183.14
0.113151,9183.14
0.113311,9183.14
0.113471,9183.14
0.113631,9183.14
0.113791,9183.14
0.113951,9183.14
0.114111,9183.14
0.114271,9183.14
0.114431,9183.14
0.114591,9183.14
0.114751,9183.14
0.114911,9183.14
0.115072,9183.14
0.115232,9183.14
0.115392,9183.14
0.115552,9183.14
0.115712,9183.14
0.115872,9183.14
0.116032,9183.14
0.116192,9183.14
0.116352,9183.14
0.116512,9183.14
0.116672,9183.14
0.116832,9183.14
0.116992,9183.14
0.117152,9183.14
0.117312,9183.14
0.117472,9183.14
0.117632,9183.14
0.117792,9183.14
0.117952,9183.14
0.118112,9183.14
0.118272,9183.14
0.118432,9183.14
0.118592,9183.14
0.118752,9183.14
0.118912,9183.14
0.119072,9183.14
0.119232,9183.14
0.119392,9183.14
0.119552,9183.14
0.119712,9183.14
0.119872,9183.14
0.120032,9183.14
0.120192,9183.14
0.120352,9183.14
0.120512,9183.14
0.120672,9183.14
0.120832,9183.14
0.120992,9183.14
0.121152,9183.14
0.121312,9183.14
0.121472,9183.14
0.121632,9183.14
0.121792,9183.14
0.121952,9183.14
0.122112,9183.14
0.122272,9183.14
0.122432,9183.14
0.122592,9183.15
0.122752,9183.15
0.122912,9183.15
0.123072,9183.15
0.123232,9183.15
0.123392,9183.15
0.123552,9183.15
0.123712,9183.15
0.123872,9183.15
0.124032,9183.15
0.124192,9183.15
0.124352,9183.15
0.124512,9183.15
0.124672,9183.15
0.124832,9183.15
0.124992,9183.15
0.125153,9183.15
0.125313,9183.15
0.125473,9183.15
0.125633,9183.15
0.125793,9183.15
0.125953,9183.15
0.126113,9183.15
0.126273,9183.15
0.126433,9183.15
0.126593,9183.15
0.126753,9183.15
0.126913,9183.15
0.127073,9183.15
0.127233,9183.15
0.127393,9183.15
0.127553,9183.15
0.127713,9183.15
0.127873,9183.15
0.128033,9183.15
0.128193,9183.15
0.128353,9183.15
0.128513,9183.15
0.128673,9183.15
0.128833,9183.15
0.128993,9183.15
0.129153,9183.15
0.129313,9183.15
0.129473,9183.15
0.129633,9183.15
0.129793,9183.15
0.129953,9183.15
0.130113,9183.15
0.130273,9183.15
0.130433,9183.15
0.130593,9183.15
0.130753,9183.15
0.130913,9183.15
0.131073,9183.15
0.131233,9183.15
0.131393,9183.15
0.131553,9183.15
0.131713,9183.15
0.131873,9183.15
0.132033,9183.15
0.132193,9183.15
0.132353,9183.15
0.132513,9183.15
0.132673,9183.15
0.132833,9183.15
0.132993,9183.15
0.133153,9183.15
0.133313,9183.15
0.133473,9183.15
0.133633,9183.15
0.133793,9183.15
0.133953,9183.15
0.134113,9183.15
0.134273,9183.15
0.134433,9183.15
0.134593,9183.15
0.134753,9183.15
0.134913,9183.15
0.135074,9183.15
0.135234,9183.15
0.135394,9183.15
0.135554,9183.15
0.135714,9183.15
0.135874,9183.15
0.136034,9183.15
0.136194,9183.15
0.136354,9183.15
0.136514,9183.15
0.136674,9183.15
0.136834,9183.15
0.136994,9183.15
0.137154,9183.15
0.137314,9183.15
0.137474,9183.15
0.137634,9183.15
0.137794,9183.15
0.137954,9183.15
0.138114,9183.15
0.138274,9183.15
0.138434,9183.15
0.138594,9183.15
0.138754,9183.15
0.138914,9183.15
0.139074,9183.15
0.139234,9183.15
0.139394,9183.15
0.139554,9183.16
0.139714,9183.16
0.139874,9183.16
0.140034,9183.16
0.140194,9183.16
0.140354,9183.16
0.140514,9183.16
0.140674,9183.16
0.140834,9183.16
0.140994,9183.16
0.141154,9183.16
0.141314,9183.16
0.141474,9183.16
0.141634,9183.16
0.141794,9183.16
0.141954,9183.16
0.142114,9183.16
0.142274,9183.16
0.142434,9183.16
0.142594,9183.16
0.142754,9183.16
0.142914,9183.16
0.143074,9183.16
0.143234,9183.16
0.143394,9183.16
0.143554,9183.16
0.143714,9183.16
0.143874,9183.16
0.144034,9183.16
0.144194,9183.16
0.144354,9183.16
0.144514,9183.16
0.144674,9183.16
0.144834,9183.16
0.144994,9183.16
0.145155,9183.16
0.145315,9183.16
0.145475,9183.16
0.145635,9183.16
0.145795,9183.16
0.145955,9183.16
0.146115,9183.16
0.146275,9183.16
0.146435,9183.16
0.146595,9183.16
0.146755,9183.16
0.146915,9183.16
0.147075,9183.16
0.147235,9183.16
0.147395,9183.16
0.147555,9183.16
0.147715,9183.16
0.147875,9183.16
0.148035,9183.16
0.148195,9183.16
0.148355,9183.16
0.148515,9183.16
0.148675,9183.16
0.148835,9183.16
0.148995,9183.16
0.149155,9183.16
0.149315,9183.16
0.149475,9183.16
0.149635,9183.16
0.149795,9183.16
0.149955,9183.16
0.150115,9183.16
0.150275,9183.16
0.150435,9183.16
0.150595,9183.16
0.150755,9183.16
0.150915,9183.16
0.151075,9183.16
0.151235,9183.16
0.151395,9183.16
0.151555,9183.16
0.151715,9183.16
0.151875,9183.16
0.152035,9183.16
0.152195,9183.16
0.152355,9183.16
0.152515,9183.16
0.152675,9183.16
0.152835,9183.16
0.152995,9183.16
0.153155,9183.16
0.153315,9183.16
0.153475,9183.16
0.153635,9183.16
0.153795,9183.16
0.153955,9183.16
0.154115,9183.16
0.154275,9183.16
0.154435,9183.16
0.154595,9183.16
0.154755,9183.16
0.154915,9183.16
0.155076,9183.16
0.155236,9183.16
0.155396,9183.16
0.155556,9183.16
0.155716,9183.16
0.155876,9183.16
0.156036,9183.16
0.156196,9183.16
0.156356,9183.16
0.156516,9183.16
0.156676,9183.16
0.156836,9183.16
0.156996,9183.16
0.157156,9183.16
0.157316,9183.16
0.157476,9183.16
0.157636,9183.16
0.157796,9183.16
0.157956,9183.16
0.158116,9183.16
0.158276,9183.16
0.158436,9183.16
0.158596,9183.16
0.158756,9183.16
0.158916,9183.16
0.159076,9183.16
0.159236,9183.16
0.159396,9183.16
0.159556,9183.16
0.159716,9183.16
0.159876,9183.16
0.160036,9183.16
0.160196,9183.16
0.160356,9183.16
0.160516,9183.16
0.160676,9183.16
0.160836,9183.16
0.160996,9183.16
0.161156,9183.16
0.161316,9183.16
0.161476,9183.16
0.161636,9183.16
0.161796,9183.16
0.161956,9183.16
0.162116,9183.16
0.162276,9183.16
0.162436,9183.16
0.162596,9183.16
0.162756,9183.16
0.162916,9183.16
0.163076,9183.16
0.163236,9183.16
0.163396,9183.16
0.163556,9183.16
0.163716,9183.16
0.163876,9183.16
0.164036,9183.16
0.164196,9183.16
0.164356,9183.17
0.164516,9183.17
0.164676,9183.17
0.164836,9183.17
0.164996,9183.17
0.165157,9183.17
0.165317,9183.17
0.165477,9183.17
0.165637,9183.17
0.165797,9183.17
0.165957,9183.17
0.166117,9183.17
0.166277,9183.17
0.166437,9183.17
0.166597,9183.17
0.166757,9183.17
0.166917,9183.17
0.167077,9183.17
0.167237,9183.17
0.167397,9183.17
0.167557,9183.17
0.167717,9183.17
0.167877,9183.17
0.168037,9183.17
0.168197,9183.17
0.168357,9183.17
0.168517,9183.17
0.168677,9183.17
0.168837,9183.17
0.168997,9183.17
0.169157,9183.17
0.169317,9183.17
0.169477,9183.17
0.169637,9183.17
0.169797,9183.17
0.169957,9183.17
0.170117,9183.17
0.170277,9183.17
0.170437,9183.17
0.170597,9183.17
0.170757,9183.17
0.170917,9183.17
0.171077,9183.17
0.171237,9183.17
0.171397,9183.17
0.171557,9183.17
0.171717,9183.17
0.171877,9183.17
0.172037,9183.17
0.172197,9183.17
0.172357,9183.17
0.172517,9183.17
0.172677,9183.17
0.172837,9183.17
0.172997,9183.17
0.173157,9183.17
0.173317,9183.17
0.173477,9183.17
0.173637,9183.17
0.173797,9183.17
0.173957,9183.17
0.174117,9183.17
0.174277,9183.17
0.174437,9183.17
0.174597,9183.17
0.174757,9183.17
0.174917,9183.17
0.175078,9183.17
0.175238,9183.17
0.175398,9183.17
0.175558,9183.17
0.175718,9183.17
0.175878,9183.17
0.176038,9183.17
0.176198,9183.17
0.176358,9183.17
0.176518,9183.17
0.176678,9183.17
0.176838,9183.17
0.176998,9183.17
0.177158,9183.17
0.177318,9183.17
0.177478,9183.17
0.177638,9183.17
0.177798,9183.17
0.177958,9183.17
0.178118,9183.17
0.178278,9183.17
0.178438,9183.17
0.178598,9183.17
0.178758,9183.17
0.178918,9183.17
0.179078,9183.17
0.179238,9183.17
0.179398,9183.17
0.179558,9183.17
0.179718,9183.17
0.179878,9183.17
0.180038,9183.17
0.180198,9183.17
0.180358,9183.17
0.180518,9183.17
0.180678,9183.17
0.180838,9183.17
0.180998,9183.17
0.181158,9183.17
0.181318,9183.17
0.181478,9183.17
0.181638,9183.17
0.181798,9183.17
0.181958,9183.17
0.182118,9183.17
0.182278,9183.17
0.182438,9183.17
0.182598,9183.17
0.182758,9183.17
0.182918,9183.17
0.183078,9183.17
0.183238,9183.17
0.183398,9183.17
0.183558,9183.17
0.183718,9183.18
0.183878,9183.18
0.184038,9183.18
0.184198,9183.18
0.184358,9183.18
0.184518,9183.18
0.184678,9183.18
0.184838,9183.18
0.184998,9183.18
0.185159,9183.18
0.185319,9183.18
0.185479,9183.18
0.185639,9183.18
0.185799,9183.18
0.185959,9183.18
0.186119,9183.18
0.186279,9183.18
0.186439,9183.18
0.186599,9183.18
0.186759,9183.18
0.186919,9183.18
0.187079,9183.18
0.187239,9183.18
0.187399,9183.18
0.187559,9183.18
0.187719,9183.18
0.187879,9183.18
0.188039,9183.18
0.188199,9183.18
0.188359,9183.18
0.188519,9183.18
0.188679,9183.18
0.188839,9183.18
0.188999,9183.18
0.189159,9183.18
0.189319,9183.18
0.189479,9183.18
0.189639,9183.18
0.189799,9183.18
0.189959,9183.18
0.190119,9183.18
0.190279,9183.18
0.190439,9183.18
0.190599,9183.18
0.190759,9183.18
0.190919,9183.18
0.191079,9183.18
0.191239,9183.18
0.191399,9183.18
0.191559,9183.18
0.191719,9183.18
0.191879,9183.18
0.192039,9183.18
0.192199,9183.18
0.192359,9183.18
0.192519,9183.18
0.192679,9183.18
0.192839,9183.18
0.192999,9183.18
0.193159,9183.18
0.193319,9183.18
0.193479,9183.18
0.193639,9183.18
0.193799,9183.18
0.193959,9183.18
0.194119,9183.18
0.194279,9183.18
0.194439,9183.18
0.194599,9183.18
0.194759,9183.18
0.194919,9183.18
0.19508,9183.18
0.19524,9183.18
0.1954,9183.18
0.19556,9183.18
0.19572,9183.18
0.19588,9183.18
0.19604,9183.18
0.1962,9183.18
0.19636,9183.18
0.19652,9183.18
0.19668,9183.18
0.19684,9183.18
0.197,9183.18
0.19716,9183.18
0.19732,9183.18
0.19748,9183.18
0.19764,9183.18
0.1978,9183.18
0.19796,9183.18
0.19812,9183.18
0.19828,9183.18
0.19844,9183.18
0.1986,9183.18
0.19876,9183.18
0.19892,9183.18
0.19908,9183.18
0.19924,9183.18
0.1994,9183.18
0.19956,9183.18
0.19972,9183.19
0.19988,9183.19
0.20004,9183.19
0.2002,9183.19
0.20036,9183.19
0.20052,9183.19
0.20068,9183.19
0.20084,9183.19
0.201,9183.19
0.20116,9183.19
0.20132,9183.19
0.20148,9183.19
0.20164,9183.19
0.2018,9183.19
0.20196,9183.19
0.20212,9183.19
0.20228,9183.19
0.20244,9183.19
0.2026,9183.19
0.20276,9183.19
0.20292,9183.19
0.20308,9183.19
0.20324,9183.19
0.2034,9183.19
0.20356,9183.19
0.20372,9183.19
0.20388,9183.19
0.20404,9183.19
0.2042,9183.19
0.20436,9183.19
0.20452,9183.19
0.20468,9183.19
0.20484,9183.19
0.205001,9183.19
0.205161,9183.19
0.205321,9183.19
0.205481,9183.19
0.205641,9183.19
0.205801,9183.19
0.205961,9183.19
0.206121,9183.19
0.206281,9183.19
0.206441,9183.19
0.206601,9183.19
0.206761,9183.19
0.206921,9183.19
0.207081,9183.19
0.207241,9183.19
0.207401,9183.19
0.207561,9183.19
0.207721,9183.19
0.207881,9183.19
0.208041,9183.19
0.208201,9183.19
0.208361,9183.19
0.208521,9183.19
0.208681,9183.19
0.208841,9183.19
0.209001,9183.19
0.209161,9183.19
0.209321,9183.19
0.209481,9183.19
0.209641,9183.19
0.209801,9183.19
0.209961,9183.19
0.210121,9183.19
0.210281,9183.19
0.210441,9183.19
0.210601,9183.19
0.210761,9183.19
0.210921,9183.19
0.211081,9183.19
0.211241,9183.19
0.211401,9183.19
0.211561,9183.19
0.211721,9183.19
0.211881,9183.19
0.212041,9183.19
0.212201,9183.19
0.212361,9183.19
0.212521,9183.19
0.212681,9183.19
0.212841,9183.19
0.213001,9183.19
0.213161,9183.19
0.213321,9183.19
0.213481,9183.19
0.213641,9183.19
0.213801,9183.19
0.213961,9183.19
0.214121,9183.19
0.214281,9183.19
0.214441,9183.19
0.214601,9183.19
0.214761,9183.19
0.214921,9183.19
0.215082,9183.19
0.215242,9183.19
0.215402,9183.19
0.215562,9183.19
0.215722,9183.19
0.215882,9183.19
0.216042,9183.19
0.216202,9183.19
0.216362,9183.19
0.216522,9183.19
0.216682,9183.19
0.216842,9183.19
0.217002,9183.19
0.217162,9183.2
0.217322,9183.2
0.217482,9183.2
0.217642,9183.2
0.217802,9183.2
0.217962,9183.2
0.218122,9183.2
0.218282,9183.2
0.218442,9183.2
0.218602,9183.2
0.218762,9183.2
0.218922,9183.2
0.219082,9183.2
0.219242,9183.2
0.219402,9183.2
0.219562,9183.2
0.219722,9183.2
0.219882,9183.2
0.220042,9183.2
0.220202,9183.2
0.220362,9183.2
0.220522,9183.2
0.220682,9183.2
0.220842,9183.2
0.221002,9183.2
0.221162,9183.2
0.221322,9183.2
0.221482,9183.2
0.221642,9183.2
0.221802,9183.2
0.221962,9183.2
0.222122,9183.2
0.222282,9183.2
0.222442,9183.2
0.222602,9183.2
0.222762,9183.2
0.222922,9183.2
0.223082,9183.2
0.223242,9183.2
0.223402,9183.2
0.223562,9183.2
0.223722,9183.2
0.223882,9183.2
0.224042,9183.2
0.224202,9183.2
0.224362,9183.2
0.224522,9183.2
0.224682,9183.2
0.224842,9183.2
0.225003,9183.2
0.225163,9183.2
0.225323,9183.2
0.225483,9183.2
0.225643,9183.2
0.225803,9183.2
0.225963,9183.2
0.226123,9183.2
0.226283,9183.2
0.226443,9183.2
0.226603,9183.2
0.226763,9183.2
0.226923,9183.2
0.227083,9183.2
0.227243,9183.2
0.227403,9183.2
0.227563,9183.2
0.227723,9183.2
0.227883,9183.2
0.228043,9183.2
0.228203,9183.2
0.228363,9183.2
0.228523,9183.2
0.228683,9183.2
0.228843,9183.2
0.229003,9183.2
0.229163,9183.2
0.229323,9183.2
0.229483,9183.2
0.229643,9183.2
0.229803,9183.2
0.229963,9183.2
0.230123,9183.2
0.230283,9183.2
0.230443,9183.2
0.230603,9183.2
0.230763,9183.2
0.230923,9183.2
0.231083,9183.2
0.231243,9183.2
0.231403,9183.2
0.231563,9183.2
0.231723,9183.2
0.231883,9183.2
0.232043,9183.2
0.232203,9183.2
0.232363,9183.2
0.232523,9183.2
0.232683,9183.21
0.232843,9183.21
0.233003,9183.21
0.233163,9183.21
0.233323,9183.21
0.233483,9183.21
0.233643,9183.21
0.233803,9183.21
0.233963,9183.21
0.234123,9183.21
0.234283,9183.21
0.234443,9183.21
0.234603,9183.21
0.234763,9183.21
0.234923,9183.21
0.235084,9183.21
0.235244,9183.21
0.235404,9183.21
0.235564,9183.21
0.235724,9183.21
0.235884,9183.21
0.236044,9183.21
0.236204,9183.21
0.236364,9183.21
0.236524,9183.21
0.236684,9183.21
0.236844,9183.21
0.237004,9183.21
0.237164,9183.21
0.237324,9183.21
0.237484,9183.21
0.237644,9183.21
0.237804,9183.21
0.237964,9183.21
0.238124,9183.21
0.238284,9183.21
0.238444,9183.21
0.238604,9183.21
0.238764,9183.21
0.238924,9183.21
0.239084,9183.21
0.239244,9183.21
0.239404,9183.21
0.239564,9183.21
0.239724,9183.21
0.239884,9183.21
0.240044,9183.21
0.240204,9183.21
0.240364,9183.21
0.240524,9183.21
0.240684,9183.21
0.240844,9183.21
0.241004,9183.21
0.241164,9183.21
0.241324,9183.21
0.241484,9183.21
0.241644,9183.21
0.241804,9183.21
0.241964,9183.21
0.242124,9183.21
0.242284,9183.21
0.242444,9183.21
0.242604,9183.21
0.242764,9183.21
0.242924,9183.21
0.243084,9183.21
0.243244,9183.21
0.243404,9183.21
0.243564,9183.21
0.243724,9183.21
0.243884,9183.21
0.244044,9183.21
0.244204,9183.21
0.244364,9183.21
0.244524,9183.21
0.244684,9183.21
0.244844,9183.21
0.245005,9183.21
0.245165,9183.21
0.245325,9183.21
0.245485,9183.21
0.245645,9183.21
0.245805,9183.21
0.245965,9183.21
0.246125,9183.21
0.246285,9183.21
0.246445,9183.21
0.246605,9183.21
0.246765,9183.21
0.246925,9183.21
0.247085,9183.21
0.247245,9183.21
0.247405,9183.21
0.247565,9183.21
0.247725,9183.21
0.247885,9183.21
0.248045,9183.21
0.248205,9183.21
0.248365,9183.21
0.248525,9183.21
0.248685,9183.21
0.248845,9183.21
0.249005,9183.21
0.249165,9183.21
0.249325,9183.21
0.249485,9183.21
0.249645,9183.21
0.249805,9183.21
0.249965,9183.21
0.250125,9183.21
0.250285,9183.22
0.250445,9183.22
0.250605,9183.22
0.250765,9183.22
0.250925,9183.22
0.251085,9183.22
0.251245,9183.22
0.251405,9183.22
0.251565,9183.22
0.251725,9183.22
0.251885,9183.22
0.252045,9183.22
0.252205,9183.22
0.252365,9183.22
0.252525,9183.22
0.252685,9183.22
0.252845,9183.22
0.253005,9183.22
0.253165,9183.22
0.253325,9183.22
0.253485,9183.22
0.253645,9183.22
0.253805,9183.22
0.253965,9183.22
0.254125,9183.22
0.254285,9183.22
0.254445,9183.22
0.254605,9183.22
0.254765,9183.22
0.254925,9183.22
0.255086,9183.22
0.255246,9183.22
0.255406,9183.22
0.255566,9183.22
0.255726,9183.22
0.255886,9183.22
0.256046,9183.22
0.256206,9183.22
0.256366,9183.22
0.256526,9183.22
0.256686,9183.22
0.256846,9183.22
0.257006,9183.22
0.257166,9183.22
0.257326,9183.22
0.257486,9183.22
0.257646,9183.22
0.257806,9183.22
0.257966,9183.22
0.258126,9183.22
0.258286,9183.22
0.258446,9183.22
0.258606,9183.22
0.258766,9183.22
0.258926,9183.22
0.259086,9183.22
0.259246,9183.22
0.259406,9183.22
0.259566,9183.22
0.259726,9183.22
0.259886,9183.22
0.260046,9183.22
0.260206,9183.22
0.260366,9183.22
0.260526,9183.22
0.260686,9183.22
0.260846,9183.22
0.261006,9183.22
0.261166,9183.22
0.261326,9183.22
0.261486,9183.22
0.261646,9183.22
0.261806,9183.22
0.261966,9183.22
0.262126,9183.22
0.262286,9183.22
0.262446,9183.22
0.262606,9183.22
0.262766,9183.22
0.262926,9183.22
0.263086,9183.22
0.263246,9183.22
0.263406,9183.22
0.263566,9183.22
0.263726,9183.22
0.263886,9183.22
0.264046,9183.22
0.264206,9183.22
0.264366,9183.23
0.264526,9183.23
0.264686,9183.23
0.264846,9183.23
0.265007,9183.23
0.265167,9183.23
0.265327,9183.23
0.265487,9183.23
0.265647,9183.23
0.265807,9183.23
0.265967,9183.23
0.266127,9183.23
0.266287,9183.23
0.266447,9183.23
0.266607,9183.23
0.266767,9183.23
0.266927,9183.23
0.267087,9183.23
0.267247,9183.23
0.267407,9183.23
0.267567,9183.23
0.267727,9183.23
0.267887,9183.23
0.268047,9183.23
0.268207,9183.23
0.268367,9183.23
0.268527,9183.23
0.268687,9183.23
0.268847,9183.23
0.269007,9183.23
0.269167,9183.23
0.269327,9183.23
0.269487,9183.23
0.269647,9183.23
0.269807,9183.23
0.269967,9183.23
0.270127,9183.23
0.270287,9183.23
0.270447,9183.23
0.270607,9183.23
0.270767,9183.23
0.270927,9183.23
0.271087,9183.23
0.271247,9183.23
0.271407,9183.23
0.271567,9183.23
0.271727,9183.23
0.271887,9183.23
0.272047,9183.23
0.272207,9183.23
0.272367,9183.23
0.272527,9183.23
0.272687,9183.23
0.272847,9183.23
0.273007,9183.23
0.273167,9183.23
0.273327,9183.23
0.273487,9183.23
0.273647,9183.23
0.273807,9183.23
0.273967,9183.23
0.274127,9183.23
0.274287,9183.23
0.274447,9183.23
0.274607,9183.23
0.274767,9183.23
0.274927,9183.23
0.275088,9183.23
0.275248,9183.23
0.275408,9183.23
0.275568,9183.23
0.275728,9183.23
0.275888,9183.23
0.276048,9183.23
0.276208,9183.23
0.276368,9183.23
0.276528,9183.23
0.276688,9183.23
0.276848,9183.23
0.277008,9183.23
0.277168,9183.23
0.277328,9183.23
0.277488,9183.23
0.277648,9183.23
0.277808,9183.23
0.277968,9183.23
0.278128,9183.23
0.278288,9183.23
0.278448,9183.23
0.278608,9183.23
0.278768,9183.23
0.278928,9183.23
0.279088,9183.23
0.279248,9183.23
0.279408,9183.23
0.279568,9183.23
0.279728,9183.23
0.279888,9183.23
0.280048,9183.23
0.280208,9183.23
0.280368,9183.24
0.280528,9183.24
0.280688,9183.24
0.280848,9183.24
0.281008,9183.24
0.281168,9183.24
0.281328,9183.24
0.281488,9183.24
0.281648,9183.24
0.281808,9183.24
0.281968,9183.24
0.282128,9183.24
0.282288,9183.24
0.282448,9183.24
0.282608,9183.24
0.282768,9183.24
0.282928,9183.24
0.283088,9183.24
0.283248,9183.24
0.283408,9183.24
0.283568,9183.24
0.283728,9183.24
0.283888,9183.24
0.284048,9183.24
0.284208,9183.24
0.284368,9183.24
0.284528,9183.24
0.284688,9183.24
0.284848,9183.24
0.285009,9183.24
0.285169,9183.24
0.285329,9183.24
0.285489,9183.24
0.285649,9183.24
0.285809,9183.24
0.285969,9183.24
0.286129,9183.24
0.286289,9183.24
0.286449,9183.24
0.286609,9183.24
0.286769,9183.24
0.286929,9183.24
0.287089,9183.24
0.287249,9183.24
0.287409,9183.24
0.287569,9183.24
0.287729,9183.24
0.287889,9183.24
0.288049,9183.24
0.288209,9183.24
0.288369,9183.24
0.288529,9183.24
0.288689,9183.24
0.288849,9183.24
0.289009,9183.24
0.289169,9183.24
0.289329,9183.24
0.289489,9183.24
0.289649,9183.24
0.289809,9183.24
0.289969,9183.24
0.290129,9183.24
0.290289,9183.24
0.290449,9183.24
0.290609,9183.24
0.290769,9183.24
0.290929,9183.24
0.291089,9183.24
0.291249,9183.24
0.291409,9183.24
0.291569,9183.24
0.291729,9183.24
0.291889,9183.24
0.292049,9183.24
0.292209,9183.24
0.292369,9183.24
0.292529,9183.24
0.292689,9183.24
0.292849,9183.24
0.293009,9183.24
0.293169,9183.24
0.293329,9183.24
0.293489,9183.24
0.293649,9183.24
0.293809,9183.24
0.293969,9183.24
0.294129,9183.24
0.294289,9183.24
0.294449,9183.24
0.294609,9183.24
0.294769,9183.24
0.294929,9183.25
0.29509,9183.25
0.29525,9183.25
0.29541,9183.25
0.29557,9183.25
0.29573,9183.25
0.29589,9183.25
0.29605,9183.25
0.29621,9183.25
0.29637,9183.25
0.29653,9183.25
0.29669,9183.25
0.29685,9183.25
0.29701,9183.25
0.29717,9183.25
0.29733,9183.25
0.29749,9183.25
0.29765,9183.25
0.29781,9183.25
0.29797,9183.25
0.29813,9183.25
0.29829,9183.25
0.29845,9183.25
0.29861,9183.25
0.29877,9183.25
0.29893,9183.25
0.29909,9183.25
0.29925,9183.25
0.29941,9183.25
0.29957,9183.25
0.29973,9183.25
0.29989,9183.25
0.30005,9183.25
0.30021,9183.25
0.30037,9183.25
0.30053,9183.25
0.30069,9183.25
0.30085,9183.25
0.30101,9183.25
0.30117,9183.25
0.30133,9183.25
0.30149,9183.25
0.30165,9183.25
0.30181,9183.25
0.30197,9183.25
0.30213,9183.25
0.30229,9183.25
0.30245,9183.25
0.30261,9183.25
0.30277,9183.25
0.30293,9183.25
0.30309,9183.25
0.30325,9183.25
0.30341,9183.25
0.30357,9183.25
0.30373,9183.25
0.30389,9183.25
0.30405,9183.25
0.30421,9183.25
0.30437,9183.25
0.30453,9183.25
0.30469,9183.25
0.30485,9183.25
0.305011,9183.25
0.305171,9183.25
0.305331,9183.25
0.305491,9183.25
0.305651,9183.25
0.305811,9183.25
0.305971,9183.25
0.306131,9183.25
0.306291,9183.25
0.306451,9183.25
0.306611,9183.25
0.306771,9183.25
0.306931,9183.25
0.307091,9183.25
0.307251,9183.25
0.307411,9183.25
0.307571,9183.25
0.307731,9183.25
0.307891,9183.25
0.308051,9183.25
0.308211,9183.25
0.308371,9183.25
0.308531,9183.25
0.308691,9183.25
0.308851,9183.25
0.309011,9183.25
0.309171,9183.25
0.309331,9183.25
0.309491,9183.26
0.309651,9183.26
0.309811,9183.26
0.309971,9183.26
0.310131,9183.26
0.310291,9183.26
0.310451,9183.26
0.310611,9183.26
0.310771,9183.26
0.310931,9183.26
0.311091,9183.26
0.311251,9183.26
0.311411,9183.26
0.311571,9183.26
0.311731,9183.26
0.311891,9183.26
0.312051,9183.26
0.312211,9183.26
0.312371,9183.26
0.312531,9183.26
0.312691,9183.26
0.312851,9183.26
0.313011,9183.26
0.313171,9183.26
0.313331,9183.26
0.313491,9183.26
0.313651,9183.26
0.313811,9183.26
0.313971,9183.26
0.314131,9183.26
0.314291,9183.26
0.314451,9183.26
0.314611,9183.26
0.314771,9183.26
0.314931,9183.26
0.315092,9183.26
0.315252,9183.26
0.315412,9183.26
0.315572,9183.26
0.315732,9183.26
0.315892,9183.26
0.316052,9183.26
0.316212,9183.26
0.316372,9183.26
0.316532,9183.26
0.316692,9183.26
0.316852,9183.26
0.317012,9183.26
0.317172,9183.26
0.317332,9183.26
0.317492,9183.26
0.317652,9183.26
0.317812,9183.26
0.317972,9183.26
0.318132,9183.26
0.318292,9183.26
0.318452,9183.26
0.318612,9183.26
0.318772,9183.26
0.318932,9183.26
0.319092,9183.26
0.319252,9183.26
0.319412,9183.26
0.319572,9183.26
0.319732,9183.26
0.319892,9183.26
0.320052,9183.26
0.320212,9183.26
0.320372,9183.26
0.320532,9183.26
0.320692,9183.26
0.320852,9183.26
0.321012,9183.26
0.321172,9183.26
0.321332,9183.26
0.321492,9183.26
0.321652,9183.26
0.321812,9183.26
0.321972,9183.26
0.322132,9183.26
0.322292,9183.26
0.322452,9183.26
0.322612,9183.26
0.322772,9183.26
0.322932,9183.26
0.323092,9183.26
0.323252,9183.26
0.323412,9183.26
0.323572,9183.26
0.323732,9183.26
0.323892,9183.26
0.324052,9183.26
0.324212,9183.26
0.324372,9183.26
0.324532,9183.27
0.324692,9183.27
0.324852,9183.27
0.325013,9183.27
0.325173,9183.27
0.325333,9183.27
0.325493,9183.27
0.325653,9183.27
0.325813,9183.27
0.325973,9183.27
0.326133,9183.27
0.326293,9183.27
0.326453,9183.27
0.326613,9183.27
0.326773,9183.27
0.326933,9183.27
0.327093,9183.27
0.327253,9183.27
0.327413,9183.27
0.327573,9183.27
0.327733,9183.27
0.327893,9183.27
0.328053,9183.27
0.328213,9183.27
0.328373,9183.27
0.328533,9183.27
0.328693,9183.27
0.328853,9183.27
0.329013,9183.27
0.329173,9183.27
0.329333,9183.27
0.329493,9183.27
0.329653,9183.27
0.329813,9183.27
0.329973,9183.27
0.330133,9183.27
0.330293,9183.27
0.330453,9183.27
0.330613,9183.27
0.330773,9183.27
0.330933,9183.27
0.331093,9183.27
0.331253,9183.27
0.331413,9183.27
0.331573,9183.27
0.331733,9183.27
0.331893,9183.27
0.332053,9183.27
0.332213,9183.27
0.332373,9183.27
0.332533,9183.27
0.332693,9183.27
0.332853,9183.27
0.333013,9183.27
0.333173,9183.27
0.333333,9183.27
0.333493,9183.27
0.333653,9183.27
0.333813,9183.27
0.333973,9183.27
0.334133,9183.27
0.334293,9183.27
0.334453,9183.27
0.334613,9183.27
0.334773,9183.27
0.334933,9183.27
0.335094,9183.27
0.335254,9183.27
0.335414,9183.27
0.335574,9183.27
0.335734,9183.27
0.335894,9183.27
0.336054,9183.27
0.336214,9183.27
0.336374,9183.27
0.336534,9183.27
0.336694,9183.28
0.336854,9183.28
0.337014,9183.28
0.337174,9183.28
0.337334,9183.28
0.337494,9183.28
0.337654,9183.28
0.337814,9183.28
0.337974,9183.28
0.338134,9183.28
0.338294,9183.28
0.338454,9183.28
0.338614,9183.28
0.338774,9183.28
0.338934,9183.28
0.339094,9183.28
0.339254,9183.28
0.339414,9183.28
0.339574,9183.28
0.339734,9183.28
0.339894,9183.28
0.340054,9183.28
0.340214,9183.28
0.340374,9183.28
0.340534,9183.28
0.340694,9183.28
0.340854,9183.28
0.341014,9183.28
0.341174,9183.28
0.341334,9183.28
0.341494,9183.28
0.341654,9183.28
0.341814,9183.28
0.341974,9183.28
0.342134,9183.28
0.342294,9183.28
0.342454,9183.28
0.342614,9183.28
0.342774,9183.28
0.342934,9183.28
0.343094,9183.28
0.343254,9183.28
0.343414,9183.28
0.343574,9183.28
0.343734,9183.28
0.343894,9183.28
0.344054,9183.28
0.344214,9183.28
0.344374,9183.28
0.344534,9183.28
0.344694,9183.28
0.344854,9183.28
0.345015,9183.28
0.345175,9183.28
0.345335,9183.28
0.345495,9183.28
0.345655,9183.28
0.345815,9183.28
0.345975,9183.28
0.346135,9183.28
0.346295,9183.28
0.346455,9183.28
0.346615,9183.28
0.346775,9183.28
0.346935,9183.28
0.347095,9183.29
0.347255,9183.29
0.347415,9183.29
0.347575,9183.29
0.347735,9183.29
0.347895,9183.29
0.348055,9183.29
0.348215,9183.29
0.348375,9183.29
0.348535,9183.29
0.348695,9183.29
0.348855,9183.29
0.349015,9183.29
0.349175,9183.29
0.349335,9183.29
0.349495,9183.29
0.349655,9183.29
0.349815,9183.29
0.349975,9183.29
0.350135,9183.29
0.350295,9183.29
0.350455,9183.29
0.350615,9183.29
0.350775,9183.29
0.350935,9183.29
0.351095,9183.29
0.351255,9183.29
0.351415,9183.29
0.351575,9183.29
0.351735,9183.29
0.351895,9183.29
0.352055,9183.29
0.352215,9183.29
0.352375,9183.29
0.352535,9183.29
0.352695,9183.29
0.352855,9183.29
0.353015,9183.29
0.353175,9183.29
0.353335,9183.29
0.353495,9183.29
0.353655,9183.29
0.353815,9183.29
0.353975,9183.29
0.354135,9183.29
0.354295,9183.29
0.354455,9183.29
0.354615,9183.29
0.354775,9183.29
0.354935,9183.29
0.355096,9183.29
0.355256,9183.29
0.355416,9183.29
0.355576,9183.29
0.355736,9183.29
0.355896,9183.29
0.356056,9183.29
0.356216,9183.29
0.356376,9183.29
0.356536,9183.29
0.356696,9183.29
0.356856,9183.29
0.357016,9183.29
0.357176,9183.29
0.357336,9183.29
0.357496,9183.29
0.357656,9183.29
0.357816,9183.29
0.357976,9183.29
0.358136,9183.29
0.358296,9183.29
0.358456,9183.29
0.358616,9183.29
0.358776,9183.29
0.358936,9183.29
0.359096,9183.29
0.359256,9183.29
0.359416,9183.3
0.359576,9183.3
0.359736,9183.3
0.359896,9183.3
0.360056,9183.3
0.360216,9183.3
0.360376,9183.3
0.360536,9183.3
0.360696,9183.3
0.360856,9183.3
0.361016,9183.3
0.361176,9183.3
0.361336,9183.3
0.361496,9183.3
0.361656,9183.3
0.361816,9183.3
0.361976,9183.3
0.362136,9183.3
0.362296,9183.3
0.362456,9183.3
0.362616,9183.3
0.362776,9183.3
0.362936,9183.3
0.363096,9183.3
0.363256,9183.3
0.363416,9183.3
0.363576,9183.3
0.363736,9183.3
0.363896,9183.3
0.364056,9183.3
0.364216,9183.3
0.364376,9183.3
0.364536,9183.3
0.364696,9183.3
0.364856,9183.3
0.365017,9183.3
0.365177,9183.3
0.365337,9183.3
0.365497,9183.3
0.365657,9183.3
0.365817,9183.3
0.365977,9183.3
0.366137,9183.3
0.366297,9183.3
0.366457,9183.3
0.366617,9183.3
0.366777,9183.3
0.366937,9183.3
0.367097,9183.3
0.367257,9183.3
0.367417,9183.3
0.367577,9183.3
0.367737,9183.3
0.367897,9183.3
0.368057,9183.3
0.368217,9183.3
0.368377,9183.3
0.368537,9183.3
0.368697,9183.3
0.368857,9183.3
0.369017,9183.3
0.369177,9183.3
0.369337,9183.3
0.369497,9183.3
0.369657,9183.3
0.369817,9183.3
0.369977,9183.3
0.370137,9183.3
0.370297,9183.3
0.370457,9183.3
0.370617,9183.3
0.370777,9183.3
0.370937,9183.3
0.371097,9183.3
0.371257,9183.3
0.371417,9183.3
0.371577,9183.3
0.371737,9183.3
0.371897,9183.3
0.372057,9183.3
0.372217,9183.3
0.372377,9183.3
0.372537,9183.3
0.372697,9183.3
0.372857,9183.3
0.373017,9183.3
0.373177,9183.31
0.373337,9183.31
0.373497,9183.31
0.373657,9183.31
0.373817,9183.31
0.373977,9183.31
0.374137,9183.31
0.374297,9183.31
0.374457,9183.31
0.374617,9183.31
0.374777,9183.31
0.374937,9183.31
0.375098,9183.31
0.375258,9183.31
0.375418,9183.31
0.375578,9183.31
0.375738,9183.31
0.375898,9183.31
0.376058,9183.31
0.376218,9183.31
0.376378,9183.31
0.376538,9183.31
0.376698,9183.31
0.376858,9183.31
0.377018,9183.31
0.377178,9183.31
0.377338,9183.31
0.377498,9183.31
0.377658,9183.31
0.377818,9183.31
0.377978,9183.31
0.378138,9183.31
0.378298,9183.31
0.378458,9183.31
0.378618,9183.31
0.378778,9183.31
0.378938,9183.31
0.379098,9183.31
0.379258,9183.31
0.379418,9183.31
0.379578,9183.31
0.379738,9183.31
0.379898,9183.31
0.380058,9183.31
0.380218,9183.31
0.380378,9183.31
0.380538,9183.31
0.380698,9183.31
0.380858,9183.31
0.381018,9183.31
0.381178,9183.31
0.381338,9183.31
0.381498,9183.31
0.381658,9183.31
0.381818,9183.31
0.381978,9183.31
0.382138,9183.31
0.382298,9183.31
0.382458,9183.31
0.382618,9183.31
0.382778,9183.31
0.382938,9183.31
0.383098,9183.31
0.383258,9183.31
0.383418,9183.31
0.383578,9183.31
0.383738,9183.31
0.383898,9183.31
0.384058,9183.31
0.384218,9183.31
0.384378,9183.31
0.384538,9183.31
0.384698,9183.31
0.384858,9183.31
0.385019,9183.31
0.385179,9183.31
0.385339,9183.31
0.385499,9183.31
0.385659,9183.31
0.385819,9183.31
0.385979,9183.31
0.386139,9183.31
0.386299,9183.31
0.386459,9183.31
0.386619,9183.31
0.386779,9183.31
0.386939,9183.31
0.387099,9183.31
0.387259,9183.31
0.387419,9183.31
0.387579,9183.31
0.387739,9183.31
0.387899,9183.31
0.388059,9183.31
0.388219,9183.31
0.388379,9183.31
0.388539,9183.31
0.388699,9183.31
0.388859,9183.31
0.389019,9183.31
0.389179,9183.31
0.389339,9183.31
0.389499,9183.31
0.389659,9183.31
0.389819,9183.31
0.389979,9183.31
0.390139,9183.31
0.390299,9183.31
0.390459,9183.32
0.390619,9183.32
0.390779,9183.32
0.390939,9183.32
0.391099,9183.32
0.391259,9183.32
0.391419,9183.32
0.391579,9183.32
0.391739,9183.32
0.391899,9183.32
0.392059,9183.32
0.392219,9183.32
0.392379,9183.32
0.392539,9183.32
0.392699,9183.32
0.392859,9183.32
0.393019,9183.32
0.393179,9183.32
0.393339,9183.32
0.393499,9183.32
0.393659,9183.32
0.393819,9183.32
0.393979,9183.32
0.394139,9183.32
0.394299,9183.32
0.394459,9183.32
0.394619,9183.32
0.394779,9183.32
0.394939,9183.32
0.3951,9183.32
0.39526,9183.32
0.39542,9183.32
0.39558,9183.32
0.39574,9183.32
0.3959,9183.32
0.39606,9183.32
0.39622,9183.32
0.39638,9183.32
0.39654,9183.32
0.3967,9183.32
0.39686,9183.32
0.39702,9183.32
0.39718,9183.32
0.39734,9183.32
0.3975,9183.32
0.39766,9183.32
0.39782,9183.32
0.39798,9183.32
0.39814,9183.32
0.3983,9183.32
0.39846,9183.32
0.39862,9183.32
0.39878,9183.32
0.39894,9183.32
0.3991,9183.32
0.39926,9183.32
0.39942,9183.32
0.39958,9183.32
0.39974,9183.32
0.3999,9183.32
0.40006,9183.32
0.40022,9183.32
0.40038,9183.32
0.40054,9183.32
0.4007,9183.32
0.40086,9183.32
0.40102,9183.32
0.40118,9183.32
0.40134,9183.32
0.4015,9183.32
0.40166,9183.32
0.40182,9183.32
0.40198,9183.32
0.40214,9183.32
0.4023,9183.32
0.40246,9183.32
0.40262,9183.32
0.40278,9183.32
0.40294,9183.32
0.4031,9183.32
0.40326,9183.32
0.40342,9183.32
0.40358,9183.32
0.40374,9183.32
0.4039,9183.32
0.40406,9183.32
0.40422,9183.32
0.40438,9183.32
0.40454,9183.32
0.4047,9183.32
0.40486,9183.32
0.405021,9183.32
0.405181,9183.32
0.405341,9183.32
0.405501,9183.32
0.405661,9183.32
0.405821,9183.32
0.405981,9183.32
0.406141,9183.32
0.406301,9183.32
0.406461,9183.32
0.406621,9183.32
0.406781,9183.32
0.406941,9183.32
0.407101,9183.32
0.407261,9183.32
0.407421,9183.32
0.407581,9183.32
0.407741,9183.32
0.407901,9183.32
0.408061,9183.32
0.408221,9183.32
0.408381,9183.32
0.408541,9183.32
0.408701,9183.32
0.408861,9183.32
0.409021,9183.32
0.409181,9183.32
0.409341,9183.32
0.409501,9183.32
0.409661,9183.32
0.409821,9183.32
0.409981,9183.32
0.410141,9183.32
0.410301,9183.32
0.410461,9183.32
0.410621,9183.32
0.410781,9183.32
0.410941,9183.32
0.411101,9183.32
0.411261,9183.32
0.411421,9183.32
0.411581,9183.32
0.411741,9183.32
0.411901,9183.32
0.412061,9183.32
0.412221,9183.32
0.412381,9183.32
0.412541,9183.32
0.412701,9183.32
0.412861,9183.32
0.413021,9183.32
0.413181,9183.32
0.413341,9183.32
0.413501,9183.32
0.413661,9183.32
0.413821,9183.32
0.413981,9183.32
0.414141,9183.32
0.414301,9183.32
0.414461,9183.32
0.414621,9183.32
0.414781,9183.32
0.414941,9183.32
0.415102,9183.32
0.415262,9183.32
0.415422,9183.32
0.415582,9183.32
0.415742,9183.32
0.415902,9183.32
0.416062,9183.32
0.416222,9183.32
0.416382,9183.32
0.416542,9183.32
0.416702,9183.32
0.416862,9183.32
0.417022,9183.32
0.417182,9183.32
0.417342,9183.32
0.417502,9183.32
0.417662,9183.32
0.417822,9183.32
0.417982,9183.32
0.418142,9183.32
0.418302,9183.33
0.418462,9183.33
0.418622,9183.33
0.418782,9183.33
0.418942,9183.33
0.419102,9183.33
0.419262,9183.33
0.419422,9183.33
0.419582,9183.33
0.419742,9183.33
0.419902,9183.33
0.420062,9183.33
0.420222,9183.33
0.420382,9183.33
0.420542,9183.33
0.420702,9183.33
0.420862,9183.33
0.421022,9183.33
0.421182,9183.33
0.421342,9183.33
0.421502,9183.33
0.421662,9183.33
0.421822,9183.33
0.421982,9183.33
0.422142,9183.33
0.422302,9183.33
0.422462,9183.33
0.422622,9183.33
0.422782,9183.33
0.422942,9183.33
0.423102,9183.33
0.423262,9183.33
0.423422,9183.33
0.423582,9183.33
0.423742,9183.33
0.423902,9183.33
0.424062,9183.33
0.424222,9183.33
0.424382,9183.33
0.424542,9183.33
0.424702,9183.33
0.424862,9183.33
0.425023,9183.33
0.425183,9183.33
0.425343,9183.33
0.425503,9183.33
0.425663,9183.33
0.425823,9183.33
0.425983,9183.33
0.426143,9183.33
0.426303,9183.33
0.426463,9183.33
0.426623,9183.33
0.426783,9183.33
0.426943,9183.33
0.427103,9183.33
0.427263,9183.33
0.427423,9183.33
0.427583,9183.33
0.427743,9183.33
0.427903,9183.33
0.428063,9183.33
0.428223,9183.33
0.428383,9183.33
0.428543,9183.33
0.428703,9183.33
0.428863,9183.33
0.429023,9183.33
0.429183,9183.33
0.429343,9183.33
0.429503,9183.33
0.429663,9183.33
0.429823,9183.33
0.429983,9183.33
0.430143,9183.33
0.430303,9183.33
0.430463,9183.33
0.430623,9183.33
0.430783,9183.33
0.430943,9183.33
0.431103,9183.33
0.431263,9183.33
0.431423,9183.33
0.431583,9183.33
0.431743,9183.33
0.431903,9183.33
0.432063,9183.33
0.432223,9183.33
0.432383,9183.33
0.432543,9183.33
0.432703,9183.33
0.432863,9183.33
0.433023,9183.33
0.433183,9183.33
0.433343,9183.33
0.433503,9183.33
0.433663,9183.33
0.433823,9183.33
0.433983,9183.33
0.434143,9183.33
0.434303,9183.33
0.434463,9183.33
0.434623,9183.33
0.434783,9183.33
0.434943,9183.33
0.435104,9183.33
0.435264,9183.33
0.435424,9183.33
0.435584,9183.33
0.435744,9183.33
0.435904,9183.33
0.436064,9183.33
0.436224,9183.33
0.436384,9183.33
0.436544,9183.33
0.436704,9183.33
0.436864,9183.33
0.437024,9183.33
0.437184,9183.33
0.437344,9183.33
0.437504,9183.33
0.437664,9183.33
0.437824,9183.33
0.437984,9183.33
0.438144,9183.33
0.438304,9183.33
0.438464,9183.33
0.438624,9183.33
0.438784,9183.33
0.438944,9183.33
0.439104,9183.33
0.439264,9183.33
0.439424,9183.33
0.439584,9183.33
0.439744,9183.33
0.439904,9183.33
0.440064,9183.33
0.440224,9183.33
0.440384,9183.33
0.440544,9183.33
0.440704,9183.33
0.440864,9183.33
0.441024,9183.33
0.441184,9183.33
0.441344,9183.33
0.441504,9183.33
0.441664,9183.33
0.441824,9183.33
0.441984,9183.33
0.442144,9183.33
0.442304,9183.33
0.442464,9183.33
0.442624,9183.33
0.442784,9183.33
0.442944,9183.33
0.443104,9183.33
0.443264,9183.33
0.443424,9183.33
0.443584,9183.33
0.443744,9183.33
0.443904,9183.33
0.444064,9183.33
0.444224,9183.33
0.444384,9183.33
0.444544,9183.33
0.444704,9183.33
0.444864,9183.33
0.445025,9183.33
0.445185,9183.33
0.445345,9183.33
0.445505,9183.33
0.445665,9183.33
0.445825,9183.33
0.445985,9183.33
0.446145,9183.33
0.446305,9183.33
0.446465,9183.33
0.446625,9183.33
0.446785,9183.34
0.446945,9183.34
0.447105,9183.34
0.447265,9183.34
0.447425,9183.34
0.447585,9183.34
0.447745,9183.34
0.447905,9183.34
0.448065,9183.34
0.448225,9183.34
0.448385,9183.34
0.448545,9183.34
0.448705,9183.34
0.448865,9183.34
0.449025,9183.34
0.449185,9183.34
0.449345,9183.34
0.449505,9183.34
0.449665,9183.34
0.449825,9183.34
0.449985,9183.34
0.450145,9183.34
0.450305,9183.34
0.450465,9183.34
0.450625,9183.34
0.450785,9183.34
0.450945,9183.34
0.451105,9183.34
0.451265,9183.34
0.451425,9183.34
0.451585,9183.34
0.451745,9183.34
0.451905,9183.34
0.452065,9183.34
0.452225,9183.34
0.452385,9183.34
0.452545,9183.34
0.452705,9183.34
0.452865,9183.34
0.453025,9183.34
0.453185,9183.34
0.453345,9183.34
0.453505,9183.34
0.453665,9183.34
0.453825,9183.34
0.453985,9183.34
0.454145,9183.34
0.454305,9183.34
0.454465,9183.34
0.454625,9183.34
0.454785,9183.34
0.454945,9183.34
0.455106,9183.34
0.455266,9183.34
0.455426,9183.34
0.455586,9183.34
0.455746,9183.34
0.455906,9183.34
0.456066,9183.34
0.456226,9183.34
0.456386,9183.34
0.456546,9183.34
0.456706,9183.34
0.456866,9183.34
0.457026,9183.34
0.457186,9183.34
0.457346,9183.34
0.457506,9183.34
0.457666,9183.34
0.457826,9183.34
0.457986,9183.34
0.458146,9183.34
0.458306,9183.34
0.458466,9183.34
0.458626,9183.34
0.458786,9183.34
0.458946,9183.34
0.459106,9183.34
0.459266,9183.34
0.459426,9183.34
0.459586,9183.34
0.459746,9183.34
0.459906,9183.34
0.460066,9183.34
0.460226,9183.34
0.460386,9183.34
0.460546,9183.34
0.460706,9183.34
0.460866,9183.34
0.461026,9183.34
0.461186,9183.34
0.461346,9183.34
0.461506,9183.34
0.461666,9183.34
0.461826,9183.34
0.461986,9183.34
0.462146,9183.34
0.462306,9183.34
0.462466,9183.34
0.462626,9183.34
0.462786,9183.34
0.462946,9183.34
0.463106,9183.34
0.463266,9183.34
0.463426,9183.34
0.463586,9183.34
0.463746,9183.34
0.463906,9183.34
0.464066,9183.34
0.464226,9183.34
0.464386,9183.34
0.464546,9183.34
0.464706,9183.35
0.464866,9183.35
0.465027,9183.35
0.465187,9183.35
0.465347,9183.35
0.465507,9183.35
0.465667,9183.35
0.465827,9183.35
0.465987,9183.35
0.466147,9183.35
0.466307,9183.35
0.466467,9183.35
0.466627,9183.35
0.466787,9183.35
0.466947,9183.35
0.467107,9183.35
0.467267,9183.35
0.467427,9183.35
0.467587,9183.35
0.467747,9183.35
0.467907,9183.35
0.468067,9183.35
0.468227,9183.35
0.468387,9183.35
0.468547,9183.35
0.468707,9183.35
0.468867,9183.35
0.469027,9183.35
0.469187,9183.35
0.469347,9183.35
0.469507,9183.35
0.469667,9183.35
0.469827,9183.35
0.469987,9183.35
0.470147,9183.35
0.470307,9183.35
0.470467,9183.35
0.470627,9183.35
0.470787,9183.35
0.470947,9183.35
0.471107,9183.35
0.471267,9183.35
0.471427,9183.35
0.471587,9183.35
0.471747,9183.35
0.471907,9183.35
0.472067,9183.35
0.472227,9183.35
0.472387,9183.35
0.472547,9183.35
0.472707,9183.35
0.472867,9183.35
0.473027,9183.35
0.473187,9183.35
0.473347,9183.35
0.473507,9183.35
0.473667,9183.35
0.473827,9183.35
0.473987,9183.35
0.474147,9183.35
0.474307,9183.35
0.474467,9183.35
0.474627,9183.35
0.474787,9183.35
0.474947,9183.35
0.475108,9183.35
0.475268,9183.35
0.475428,9183.35
0.475588,9183.35
0.475748,9183.35
0.475908,9183.35
0.476068,9183.35
0.476228,9183.35
0.476388,9183.35
0.476548,9183.35
0.476708,9183.35
0.476868,9183.35
0.477028,9183.35
0.477188,9183.35
0.477348,9183.35
0.477508,9183.35
0.477668,9183.35
0.477828,9183.35
0.477988,9183.35
0.478148,9183.35
0.478308,9183.35
0.478468,9183.35
0.478628,9183.36
0.478788,9183.36
0.478948,9183.36
0.479108,9183.36
0.479268,9183.36
0.479428,9183.36
0.479588,9183.36
0.479748,9183.36
0.479908,9183.36
0.480068,9183.36
0.480228,9183.36
0.480388,9183.36
0.480548,9183.36
0.480708,9183.36
0.480868,9183.36
0.481028,9183.36
0.481188,9183.36
0.481348,9183.36
0.481508,9183.36
0.481668,9183.36
0.481828,9183.36
0.481988,9183.36
0.482148,9183.36
0.482308,9183.36
0.482468,9183.36
0.482628,9183.36
0.482788,9183.36
0.482948,9183.36
0.483108,9183.36
0.483268,9183.36
0.483428,9183.36
0.483588,9183.36
0.483748,9183.36
0.483908,9183.36
0.484068,9183.36
0.484228,9183.36
0.484388,9183.36
0.484548,9183.36
0.484708,9183.36
0.484868,9183.36
0.485029,9183.36
0.485189,9183.36
0.485349,9183.36
0.485509,9183.36
0.485669,9183.36
0.485829,9183.36
0.485989,9183.36
0.486149,9183.36
0.486309,9183.36
0.486469,9183.36
0.486629,9183.36
0.486789,9183.36
0.486949,9183.36
0.487109,9183.36
0.487269,9183.36
0.487429,9183.36
0.487589,9183.36
0.487749,9183.36
0.487909,9183.36
0.488069,9183.36
0.488229,9183.36
0.488389,9183.36
0.488549,9183.36
0.488709,9183.36
0.488869,9183.36
0.489029,9183.36
0.489189,9183.36
0.489349,9183.36
0.489509,9183.36
0.489669,9183.36
0.489829,9183.36
0.489989,9183.36
0.490149,9183.36
0.490309,9183.36
0.490469,9183.36
0.490629,9183.36
0.490789,9183.36
0.490949,9183.36
0.491109,9183.36
0.491269,9183.36
0.491429,9183.36
0.491589,9183.36
0.491749,9183.36
0.491909,9183.36
0.492069,9183.36
0.492229,9183.36
0.492389,9183.36
0.492549,9183.36
0.492709,9183.36
0.492869,9183.36
0.493029,9183.36
0.493189,9183.36
0.493349,9183.36
0.493509,9183.36
0.493669,9183.36
0.493829,9183.36
0.493989,9183.36
0.494149,9183.36
0.494309,9183.36
0.494469,9183.36
0.494629,9183.36
0.494789,9183.36
0.494949,9183.36
0.49511,9183.36
0.49527,9183.36
0.49543,9183.36
0.49559,9183.36
0.49575,9183.36
0.49591,9183.36
0.49607,9183.36
0.49623,9183.36
0.49639,9183.36
0.49655,9183.36
0.49671,9183.36
0.49687,9183.36
0.49703,9183.36
0.49719,9183.36
0.49735,9183.36
0.49751,9183.36
0.49767,9183.36
0.49783,9183.36
0.49799,9183.36
0.49815,9183.36
0.49831,9183.36
0.49847,9183.36
0.49863,9183.36
0.49879,9183.36
0.49895,9183.36
0.49911,9183.36
0.49927,9183.36
0.49943,9183.36
0.49959,9183.36
0.49975,9183.36
0.49991,9183.36
0.50007,9183.36
0.50023,9183.36
0.50039,9183.36
0.50055,9183.36
0.50071,9183.36
0.50087,9183.36
0.50103,9183.36
0.50119,9183.36
0.50135,9183.36
0.50151,9183.36
0.50167,9183.36
0.50183,9183.36
0.50199,9183.36
0.50215,9183.36
0.50231,9183.36
0.50247,9183.36
0.50263,9183.36
0.50279,9183.36
0.50295,9183.36
0.50311,9183.36
0.50327,9183.36
0.50343,9183.36
0.50359,9183.36
0.50375,9183.36
0.50391,9183.36
0.50407,9183.36
0.50423,9183.36
0.50439,9183.36
0.50455,9183.36
0.50471,9183.36
0.50487,9183.36
0.505031,9183.36
0.505191,9183.36
0.505351,9183.36
0.505511,9183.36
0.505671,9183.36
0.505831,9183.36
0.505991,9183.36
0.506151,9183.36
0.506311,9183.36
0.506471,9183.36
0.506631,9183.36
0.506791,9183.36
0.506951,9183.36
0.507111,9183.36
0.507271,9183.36
0.507431,9183.36
0.507591,9183.36
0.507751,9183.36
0.507911,9183.36
0.508071,9183.36
0.508231,9183.36
0.508391,9183.36
0.508551,9183.36
0.508711,9183.36
0.508871,9183.36
0.509031,9183.36
0.509191,9183.36
0.509351,9183.36
0.509511,9183.36
0.509671,9183.36
0.509831,9183.36
0.509991,9183.36
0.510151,9183.36
0.510311,9183.37
0.510471,9183.37
0.510631,9183.37
0.510791,9183.37
0.510951,9183.37
0.511111,9183.37
0.511271,9183.37
0.511431,9183.37
0.511591,9183.37
0.511751,9183.37
0.511911,9183.37
0.512071,9183.37
0.512231,9183.37
0.512391,9183.37
0.512551,9183.37
0.512711,9183.37
0.512871,9183.37
0.513031,9183.37
0.513191,9183.37
0.513351,9183.37
0.513511,9183.37
0.513671,9183.37
0.513831,9183.37
0.513991,9183.37
0.514151,9183.37
0.514311,9183.37
0.514471,9183.37
0.514631,9183.37
0.514791,9183.37
0.514951,9183.37
0.515112,9183.37
0.515272,9183.37
0.515432,9183.37
0.515592,9183.37
0.515752,9183.37
0.515912,9183.37
0.516072,9183.37
0.516232,9183.37
0.516392,9183.37
0.516552,9183.37
0.516712,9183.37
0.516872,9183.37
0.517032,9183.37
0.517192,9183.37
0.517352,9183.37
0.517512,9183.37
0.517672,9183.37
0.517832,9183.37
0.517992,9183.37
0.518152,9183.37
0.518312,9183.37
0.518472,9183.37
0.518632,9183.37
0.518792,9183.37
0.518952,9183.37
0.519112,9183.37
0.519272,9183.37
0.519432,9183.37
0.519592,9183.37
0.519752,9183.37
0.519912,9183.37
0.520072,9183.37
0.520232,9183.37
0.520392,9183.37
0.520552,9183.37
0.520712,9183.37
0.520872,9183.37
0.521032,9183.37
0.521192,9183.37
0.521352,9183.37
0.521512,9183.37
0.521672,9183.37
0.521832,9183.37
0.521992,9183.37
0.522152,9183.37
0.522312,9183.37
0.522472,9183.37
0.522632,9183.37
0.522792,9183.37
0.522952,9183.37
0.523112,9183.37
0.523272,9183.37
0.523432,9183.37
0.523592,9183.37
0.523752,9183.37
0.523912,9183.37
0.524072,9183.37
0.524232,9183.37
0.524392,9183.37
0.524552,9183.37
0.524712,9183.37
0.524872,9183.37
0.525033,9183.37
0.525193,9183.37
0.525353,9183.37
0.525513,9183.37
0.525673,9183.37
0.525833,9183.37
0.525993,9183.37
0.526153,9183.37
0.526313,9183.37
0.526473,9183.37
0.526633,9183.37
0.526793,9183.37
0.526953,9183.37
0.527113,9183.37
0.527273,9183.37
0.527433,9183.37
0.527593,9183.37
0.527753,9183.37
0.527913,9183.37
0.528073,9183.37
0.528233,9183.37
0.528393,9183.37
0.528553,9183.37
0.528713,9183.37
0.528873,9183.37
0.529033,9183.37
0.529193,9183.37
0.529353,9183.37
0.529513,9183.37
0.529673,9183.37
0.529833,9183.37
0.529993,9183.37
0.530153,9183.37
0.530313,9183.37
0.530473,9183.37
0.530633,9183.37
0.530793,9183.37
0.530953,9183.37
0.531113,9183.37
0.531273,9183.37
0.531433,9183.37
0.531593,9183.37
0.531753,9183.37
0.531913,9183.37
0.532073,9183.37
0.532233,9183.37
0.532393,9183.37
0.532553,9183.37
0.532713,9183.37
0.532873,9183.37
0.533033,9183.37
0.533193,9183.37
0.533353,9183.37
0.533513,9183.37
0.533673,9183.37
0.533833,9183.37
0.533993,9183.37
0.534153,9183.37
0.534313,9183.37
0.534473,9183.37
0.534633,9183.37
0.534793,9183.37
0.534953,9183.37
0.535114,9183.37
0.535274,9183.37
0.535434,9183.37
0.535594,9183.37
0.535754,9183.37
0.535914,9183.37
0.536074,9183.37
0.536234,9183.37
0.536394,9183.37
0.536554,9183.37
0.536714,9183.37
0.536874,9183.37
0.537034,9183.37
0.537194,9183.37
0.537354,9183.37
0.537514,9183.37
0.537674,9183.37
0.537834,9183.37
0.537994,9183.37
0.538154,9183.37
0.538314,9183.37
0.538474,9183.37
0.538634,9183.37
0.538794,9183.37
0.538954,9183.37
0.539114,9183.37
0.539274,9183.37
0.539434,9183.37
0.539594,9183.37
0.539754,9183.37
0.539914,9183.37
0.540074,9183.37
0.540234,9183.37
0.540394,9183.37
0.540554,9183.37
0.540714,9183.37
0.540874,9183.37
0.541034,9183.37
0.541194,9183.37
0.541354,9183.37
0.541514,9183.37
0.541674,9183.37
0.541834,9183.37
0.541994,9183.37
0.542154,9183.37
0.542314,9183.37
0.542474,9183.37
0.542634,9183.37
0.542794,9183.37
0.542954,9183.37
0.543114,9183.37
0.543274,9183.37
0.543434,9183.37
0.543594,9183.37
0.543754,9183.37
0.543914,9183.37
0.544074,9183.37
0.544234,9183.37
0.544394,9183.37
0.544554,9183.37
0.544714,9183.37
0.544874,9183.37
0.545035,9183.37
0.545195,9183.37
0.545355,9183.37
0.545515,9183.37
0.545675,9183.37
0.545835,9183.37
0.545995,9183.37
0.546155,9183.37
0.546315,9183.37
0.546475,9183.37
0.546635,9183.37
0.546795,9183.37
0.546955,9183.37
0.547115,9183.37
0.547275,9183.37
0.547435,9183.37
0.547595,9183.37
0.547755,9183.37
0.547915,9183.37
0.548075,9183.37
0.548235,9183.37
0.548395,9183.37
0.548555,9183.37
0.548715,9183.37
0.548875,9183.37
0.549035,9183.37
0.549195,9183.37
0.549355,9183.37
0.549515,9183.37
0.549675,9183.37
0.549835,9183.37
0.549995,9183.37
0.550155,9183.37
0.550315,9183.37
0.550475,9183.37
0.550635,9183.37
0.550795,9183.37
0.550955,9183.37
0.551115,9183.37
0.551275,9183.37
0.551435,9183.37
0.551595,9183.37
0.551755,9183.37
0.551915,9183.37
0.552075,9183.37
0.552235,9183.37
0.552395,9183.37
0.552555,9183.37
0.552715,9183.37
0.552875,9183.37
0.553035,9183.37
0.553195,9183.37
0.553355,9183.37
0.553515,9183.37
0.553675,9183.37
0.553835,9183.37
0.553995,9183.37
0.554155,9183.37
0.554315,9183.37
0.554475,9183.37
0.554635,9183.37
0.554795,9183.37
0.554955,9183.36
0.555116,9183.36
0.555276,9183.36
0.555436,9183.36
0.555596,9183.36
0.555756,9183.36
0.555916,9183.36
0.556076,9183.36
0.556236,9183.36
0.556396,9183.36
0.556556,9183.36
0.556716,9183.36
0.556876,9183.36
0.557036,9183.36
0.557196,9183.36
0.557356,9183.36
0.557516,9183.36
0.557676,9183.36
0.557836,9183.36
0.557996,9183.36
0.558156,9183.36
0.558316,9183.36
0.558476,9183.36
0.558636,9183.36
0.558796,9183.36
0.558956,9183.36
0.559116,9183.36
0.559276,9183.36
0.559436,9183.36
0.559596,9183.36
0.559756,9183.36
0.559916,9183.36
0.560076,9183.36
0.560236,9183.36
0.560396,9183.36
0.560556,9183.36
0.560716,9183.36
0.560876,9183.36
0.561036,9183.36
0.561196,9183.36
0.561356,9183.36
0.561516,9183.36
0.561676,9183.36
0.561836,9183.36
0.561996,9183.36
0.562156,9183.36
0.562316,9183.36
0.562476,9183.36
0.562636,9183.36
0.562796,9183.36
0.562956,9183.36
0.563116,9183.36
0.563276,9183.36
0.563436,9183.36
0.563596,9183.36
0.563756,9183.36
0.563916,9183.37
0.564076,9183.37
0.564236,9183.37
0.564396,9183.37
0.564556,9183.37
0.564716,9183.37
0.564876,9183.37
0.565037,9183.37
0.565197,9183.38
0.565357,9183.38
0.565517,9183.38
0.565677,9183.38
0.565837,9183.38
0.565997,9183.38
0.566157,9183.38
0.566317,9183.38
0.566477,9183.38
0.566637,9183.39
0.566797,9183.39
0.566957,9183.39
0.567117,9183.39
0.567277,9183.39
0.567437,9183.39
0.567597,9183.39
0.567757,9183.39
0.567917,9183.4
0.568077,9183.4
0.568237,9183.4
0.568397,9183.4
0.568557,9183.4
0.568717,9183.41
0.568877,9183.41
0.569037,9183.41
0.569197,9183.41
0.569357,9183.42
0.569517,9183.42
0.569677,9183.42
0.569837,9183.43
0.569997,9183.43
0.570157,9183.43
0.570317,9183.43
0.570477,9183.44
0.570637,9183.44
0.570797,9183.44
0.570957,9183.45
0.571117,9183.45
0.571277,9183.45
0.571437,9183.46
0.571597,9183.46
0.571757,9183.46
0.571917,9183.47
0.572077,9183.47
0.572237,9183.47
0.572397,9183.48
0.572557,9183.48
0.572717,9183.48
0.572877,9183.49
0.573037,9183.49
0.573197,9183.49
0.573357,9183.5
0.573517,9183.5
0.573677,9183.5
0.573837,9183.51
0.573997,9183.51
0.574157,9183.51
0.574317,9183.52
0.574477,9183.52
0.574637,9183.52
0.574797,9183.53
0.574957,9183.53
0.575118,9183.53
0.575278,9183.54
0.575438,9183.54
0.575598,9183.54
0.575758,9183.55
0.575918,9183.55
0.576078,9183.55
0.576238,9183.56
0.576398,9183.56
0.576558,9183.57
0.576718,9183.57
0.576878,9183.57
0.577038,9183.58
0.577198,9183.58
0.577358,9183.59
0.577518,9183.59
0.577678,9183.59
0.577838,9183.6
0.577998,9183.6
0.578158,9183.61
0.578318,9183.61
0.578478,9183.61
0.578638,9183.62
0.578798,9183.62
0.578958,9183.63
0.579118,9183.63
0.579278,9183.63
0.579438,9183.64
0.579598,9183.64
0.579758,9183.65
0.579918,9183.65
0.580078,9183.65
0.580238,9183.66
0.580398,9183.66
0.580558,9183.67
0.580718,9183.67
0.580878,9183.67
0.581038,9183.68
0.581198,9183.68
0.581358,9183.69
0.581518,9183.69
0.581678,9183.69
0.581838,9183.7
0.581998,9183.7
0.582158,9183.71
0.582318,9183.71
0.582478,9183.71
0.582638,9183.72
0.582798,9183.72
0.582958,9183.73
0.583118,9183.73
0.583278,9183.73
0.583438,9183.74
0.583598,9183.74
0.583758,9183.75
0.583918,9183.75
0.584078,9183.75
0.584238,9183.76
0.584398,9183.76
0.584558,9183.77
0.584718,9183.77
0.584878,9183.77
0.585039,9183.78
0.585199,9183.78
0.585359,9183.79
0.585519,9183.79
0.585679,9183.79
0.585839,9183.8
0.585999,9183.8
0.586159,9183.81
0.586319,9183.81
0.586479,9183.81
0.586639,9183.82
0.586799,9183.82
0.586959,9183.83
0.587119,9183.83
0.587279,9183.84
0.587439,9183.84
0.587599,9183.84
0.587759,9183.85
0.587919,9183.85
0.588079,9183.86
0.588239,9183.86
0.588399,9183.86
0.588559,9183.87
0.588719,9183.87
0.588879,9183.88
0.589039,9183.88
0.589199,9183.89
0.589359,9183.89
0.589519,9183.89
0.589679,9183.9
0.589839,9183.9
0.589999,9183.91
0.590159,9183.91
0.590319,9183.91
0.590479,9183.92
0.590639,9183.92
0.590799,9183.93
0.590959,9183.93
0.591119,9183.94
0.591279,9183.94
0.591439,9183.94
0.591599,9183.95
0.591759,9183.95
0.591919,9183.96
0.592079,9183.96
0.592239,9183.97
0.592399,9183.97
0.592559,9183.98
0.592719,9183.98
0.592879,9183.98
0.593039,9183.99
0.593199,9183.99
0.593359,9184
0.593519,9184
0.593679,9184
0.593839,9184.01
0.593999,9184.01
0.594159,9184.02
0.594319,9184.02
0.594479,9184.03
0.594639,9184.03
0.594799,9184.03
0.594959,9184.04
0.59512,9184.04
0.59528,9184.05
0.59544,9184.05
0.5956,9184.05
0.59576,9184.06
0.59592,9184.06
0.59608,9184.07
0.59624,9184.07
0.5964,9184.07
0.59656,9184.08
0.59672,9184.08
0.59688,9184.09
0.59704,9184.09
0.5972,9184.09
0.59736,9184.1
0.59752,9184.1
0.59768,9184.11
0.59784,9184.11
0.598,9184.12
0.59816,9184.12
0.59832,9184.12
0.59848,9184.13
0.59864,9184.13
0.5988,9184.14
0.59896,9184.14
0.59912,9184.14
0.59928,9184.15
0.59944,9184.15
0.5996,9184.16
0.59976,9184.16
0.59992,9184.17
0.60008,9184.17
0.60024,9184.17
0.6004,9184.18
0.60056,9184.18
0.60072,9184.19
0.60088,9184.19
0.60104,9184.2
0.6012,9184.2
0.60136,9184.21
0.60152,9184.21
0.60168,9184.22
0.60184,9184.22
0.602,9184.23
0.60216,9184.23
0.60232,9184.24
0.60248,9184.24
0.60264,9184.24
0.6028,9184.25
0.60296,9184.25
0.60312,9184.26
0.60328,9184.26
0.60344,9184.27
0.6036,9184.27
0.60376,9184.28
0.60392,9184.28
0.60408,9184.29
0.60424,9184.29
0.6044,9184.29
0.60456,9184.3
0.60472,9184.3
0.60488,9184.3
0.605041,9184.31
0.605201,9184.31
0.605361,9184.32
0.605521,9184.32
0.605681,9184.32
0.605841,9184.33
0.606001,9184.33
0.606161,9184.34
0.606321,9184.34
0.606481,9184.34
0.606641,9184.35
0.606801,9184.35
0.606961,9184.36
0.607121,9184.36
0.607281,9184.36
0.607441,9184.37
0.607601,9184.37
0.607761,9184.38
0.607921,9184.38
0.608081,9184.39
0.608241,9184.39
0.608401,9184.4
0.608561,9184.4
0.608721,9184.41
0.608881,9184.41
0.609041,9184.42
0.609201,9184.42
0.609361,9184.43
0.609521,9184.43
0.609681,9184.44
0.609841,9184.44
0.610001,9184.45
0.610161,9184.45
0.610321,9184.46
0.610481,9184.46
0.610641,9184.46
0.610801,9184.47
0.610961,9184.47
0.611121,9184.48
0.611281,9184.48
0.611441,9184.49
0.611601,9184.49
0.611761,9184.5
0.611921,9184.5
0.612081,9184.51
0.612241,9184.51
0.612401,9184.51
0.612561,9184.52
0.612721,9184.52
0.612881,9184.53
0.613041,9184.53
0.613201,9184.54
0.613361,9184.54
0.613521,9184.54
0.613681,9184.55
0.613841,9184.55
0.614001,9184.56
0.614161,9184.56
0.614321,9184.57
0.614481,9184.57
0.614641,9184.57
0.614801,9184.58
0.614961,9184.58
0.615122,9184.58
0.615282,9184.59
0.615442,9184.59
0.615602,9184.6
0.615762,9184.6
0.615922,9184.61
0.616082,9184.61
0.616242,9184.62
0.616402,9184.62
0.616562,9184.62
0.616722,9184.63
0.616882,9184.63
0.617042,9184.63
0.617202,9184.64
0.617362,9184.64
0.617522,9184.65
0.617682,9184.65
0.617842,9184.65
0.618002,9184.66
0.618162,9184.66
0.618322,9184.67
0.618482,9184.67
0.618642,9184.67
0.618802,9184.68
0.618962,9184.68
0.619122,9184.68
0.619282,9184.69
0.619442,9184.69
0.619602,9184.7
0.619762,9184.7
0.619922,9184.7
0.620082,9184.71
0.620242,9184.71
0.620402,9184.71
0.620562,9184.72
0.620722,9184.72
0.620882,9184.72
0.621042,9184.73
0.621202,9184.73
0.621362,9184.73
0.621522,9184.74
0.621682,9184.74
0.621842,9184.75
0.622002,9184.75
0.622162,9184.75
0.622322,9184.76
0.622482,9184.76
0.622642,9184.77
0.622802,9184.77
0.622962,9184.77
0.623122,9184.78
0.623282,9184.78
0.623442,9184.79
0.623602,9184.79
0.623762,9184.8
0.623922,9184.8
0.624082,9184.8
0.624242,9184.81
0.624402,9184.81
0.624562,9184.81
0.624722,9184.82
0.624882,9184.82
0.625043,9184.82
0.625203,9184.83
0.625363,9184.83
0.625523,9184.83
0.625683,9184.84
0.625843,9184.84
0.626003,9184.84
0.626163,9184.84
0.626323,9184.85
0.626483,9184.85
0.626643,9184.85
0.626803,9184.86
0.626963,9184.86
0.627123,9184.86
0.627283,9184.86
0.627443,9184.87
0.627603,9184.87
0.627763,9184.87
0.627923,9184.88
0.628083,9184.88
0.628243,9184.89
0.628403,9184.89
0.628563,9184.89
0.628723,9184.9
0.628883,9184.9
0.629043,9184.9
0.629203,9184.9
0.629363,9184.91
0.629523,9184.91
0.629683,9184.92
0.629843,9184.92
0.630003,9184.92
0.630163,9184.93
0.630323,9184.93
0.630483,9184.94
0.630643,9184.94
0.630803,9184.95
0.630963,9184.95
0.631123,9184.95
0.631283,9184.96
0.631443,9184.96
0.631603,9184.97
0.631763,9184.97
0.631923,9184.97
0.632083,9184.98
0.632243,9184.98
0.632403,9184.99
0.632563,9184.99
0.632723,9185
0.632883,9185
0.633043,9185
0.633203,9185.01
0.633363,9185.01
0.633523,9185.02
0.633683,9185.03
0.633843,9185.03
0.634003,9185.04
0.634163,9185.04
0.634323,9185.05
0.634483,9185.05
0.634643,9185.06
0.634803,9185.06
0.634963,9185.06
0.635124,9185.07
0.635284,9185.08
0.635444,9185.08
0.635604,9185.09
0.635764,9185.1
0.635924,9185.11
0.636084,9185.12
0.636244,9185.13
0.636404,9185.14
0.636564,9185.14
0.636724,9185.15
0.636884,9185.16
0.637044,9185.17
0.637204,9185.18
0.637364,9185.19
0.637524,9185.2
0.637684,9185.21
0.637844,9185.22
0.638004,9185.23
0.638164,9185.24
0.638324,9185.26
0.638484,9185.27
0.638644,9185.29
0.638804,9185.3
0.638964,9185.32
0.639124,9185.34
0.639284,9185.36
0.639444,9185.39
0.639604,9185.41
0.639764,9185.44
0.639924,9185.46
0.640084,9185.5
0.640244,9185.53
0.640404,9185.57
0.640564,9185.61
0.640724,9185.64
0.640884,9185.68
0.641044,9185.74
0.641204,9185.79
0.641364,9185.85
0.641524,9185.9
0.641684,9185.96
0.641844,9186.02
0.642004,9186.1
0.642164,9186.18
0.642324,9186.26
0.642484,9186.35
0.642644,9186.43
0.642804,9186.53
0.642964,9186.64
0.643124,9186.77
0.643284,9186.89
0.643444,9187.02
0.643604,9187.15
0.643764,9187.3
0.643924,9187.47
0.644084,9187.66
0.644244,9187.85
0.644404,9188.04
0.644564,9188.23
0.644724,9188.46
0.644884,9188.71
0.645045,9188.98
0.645205,9189.26
0.645365,9189.53
0.645525,9189.8
0.645685,9190.14
0.645845,9190.5
0.646005,9190.89
0.646165,9191.27
0.646325,9191.66
0.646485,9192.05
0.646645,9192.53
0.646805,9193.03
0.646965,9193.56
0.647125,9194.09
0.647285,9194.63
0.647445,9195.16
0.647605,9195.82
0.647765,9196.49
0.647925,9197.2
0.648085,9197.91
0.648245,9198.62
0.648405,9199.33
0.648565,9200.19
0.648725,9201.05
0.648885,9201.96
0.649045,9202.87
0.649205,9203.79
0.649365,9204.7
0.649525,9205.78
0.649685,9206.84
0.649845,9207.96
0.650005,9209.08
0.650165,9210.19
0.650325,9211.31
0.650485,9212.58
0.650645,9213.84
0.650805,9215.13
0.650965,9216.42
0.651125,9217.71
0.651285,9219
0.651445,9220.39
0.651605,9221.79
0.651765,9223.18
0.651925,9224.58
0.652085,9225.98
0.652245,9227.37
0.652405,9228.76
0.652565,9230.19
0.652725,9231.58
0.652885,9232.98
0.653045,9234.37
0.653205,9235.76
0.653365,9237.05
0.653525,9238.37
0.653685,9239.65
0.653845,9240.93
0.654005,9242.21
0.654165,9243.49
0.654325,9244.6
0.654485,9245.74
0.654645,9246.84
0.654805,9247.94
0.654965,9249.04
0.655126,9250.13
0.655286,9251.03
0.655446,9251.96
0.655606,9252.85
0.655766,9253.73
0.655926,9254.62
0.656086,9255.51
0.656246,9256.18
0.656406,9256.9
0.656566,9257.58
0.656726,9258.25
0.656886,9258.93
0.657046,9259.61
0.657206,9260.09
0.657366,9260.6
0.657526,9261.09
0.657686,9261.57
0.657846,9262.06
0.658006,9262.54
0.658166,9262.86
0.658326,9263.2
0.658486,9263.53
0.658646,9263.85
0.658806,9264.17
0.658966,9264.5
0.659126,9264.68
0.659286,9264.88
0.659446,9265.08
0.659606,9265.27
0.659766,9265.46
0.659926,9265.65
0.660086,9265.74
0.660246,9265.85
0.660406,9265.94
0.660566,9266.04
0.660726,9266.13
0.660886,9266.23
0.661046,9266.25
0.661206,9266.29
0.661366,9266.32
0.661526,9266.36
0.661686,9266.39
0.661846,9266.42
0.662006,9266.41
0.662166,9266.4
0.662326,9266.39
0.662486,9266.38
0.662646,9266.37
0.662806,9266.36
0.662966,9266.3
0.663126,9266.25
0.663286,9266.2
0.663446,9266.14
0.663606,9266.09
0.663766,9266.03
0.663926,9265.92
0.664086,9265.81
0.664246,9265.7
0.664406,9265.59
0.664566,9265.48
0.664726,9265.37
0.664886,9265.18
0.665047,9265.01
0.665207,9264.82
0.665367,9264.64
0.665527,9264.46
0.665687,9264.27
0.665847,9263.99
0.666007,9263.73
0.666167,9263.46
0.666327,9263.19
0.666487,9262.92
0.666647,9262.64
0.666807,9262.27
0.666967,9261.92
0.667127,9261.56
0.667287,9261.2
0.667447,9260.84
0.667607,9260.47
0.667767,9260.01
0.667927,9259.57
0.668087,9259.13
0.668247,9258.69
0.668407,9258.25
0.668567,9257.8
0.668727,9257.28
0.668887,9256.78
0.669047,9256.28
0.669207,9255.78
0.669367,9255.28
0.669527,9254.77
0.669687,9254.23
0.669847,9253.71
0.670007,9253.18
0.670167,9252.66
0.670327,9252.14
0.670487,9251.62
0.670647,9251.1
0.670807,9250.58
0.670967,9250.07
0.671127,9249.56
0.671287,9249.05
0.671447,9248.56
0.671607,9248.08
0.671767,9247.62
0.671927,9247.15
0.672087,9246.68
0.672247,9246.21
0.672407,9245.78
0.672567,9245.36
0.672727,9244.95
0.672887,9244.55
0.673047,9244.14
0.673207,9243.73
0.673367,9243.35
0.673527,9243
0.673687,9242.65
0.673847,9242.31
0.674007,9241.96
0.674167,9241.61
0.674327,9241.3
0.674487,9241
0.674647,9240.71
0.674807,9240.43
0.674967,9240.14
0.675128,9239.85
0.675288,9239.6
0.675448,9239.36
0.675608,9239.12
0.675768,9238.89
0.675928,9238.66
0.676088,9238.42
0.676248,9238.22
0.676408,9238.03
0.676568,9237.84
0.676728,9237.66
0.676888,9237.47
0.677048,9237.28
0.677208,9237.13
0.677368,9236.98
0.677528,9236.83
0.677688,9236.69
0.677848,9236.54
0.678008,9236.4
0.678168,9236.28
0.678328,9236.17
0.678488,9236.06
0.678648,9235.95
0.678808,9235.84
0.678968,9235.74
0.679128,9235.65
0.679288,9235.57
0.679448,9235.49
0.679608,9235.41
0.679768,9235.33
0.679928,9235.25
0.680088,9235.2
0.680248,9235.14
0.680408,9235.08
0.680568,9235.03
0.680728,9234.97
0.680888,9234.92
0.681048,9234.88
0.681208,9234.85
0.681368,9234.81
0.681528,9234.78
0.681688,9234.75
0.681848,9234.72
0.682008,9234.69
0.682168,9234.67
0.682328,9234.65
0.682488,9234.63
0.682648,9234.61
0.682808,9234.59
0.682968,9234.58
0.683128,9234.56
0.683288,9234.56
0.683448,9234.55
0.683608,9234.54
0.683768,9234.53
0.683928,9234.53
0.684088,9234.53
0.684248,9234.53
0.684408,9234.53
0.684568,9234.53
0.684728,9234.53
0.684888,9234.54
0.685049,9234.55
0.685209,9234.56
0.685369,9234.57
0.685529,9234.58
0.685689,9234.59
0.685849,9234.61
0.686009,9234.63
0.686169,9234.66
0.686329,9234.68
0.686489,9234.7
0.686649,9234.73
0.686809,9234.76
0.686969,9234.8
0.687129,9234.84
0.687289,9234.88
0.687449,9234.92
0.687609,9234.96
0.687769,9235.01
0.687929,9235.07
0.688089,9235.13
0.688249,9235.19
0.688409,9235.25
0.688569,9235.31
0.688729,9235.38
0.688889,9235.46
0.689049,9235.54
0.689209,9235.62
0.689369,9235.7
0.689529,9235.78
0.689689,9235.87
0.689849,9235.97
0.690009,9236.07
0.690169,9236.16
0.690329,9236.26
0.690489,9236.36
0.690649,9236.47
0.690809,9236.58
0.690969,9236.69
0.691129,9236.8
0.691289,9236.91
0.691449,9237.02
0.691609,9237.14
0.691769,9237.25
0.691929,9237.37
0.692089,9237.49
0.692249,9237.61
0.692409,9237.72
0.692569,9237.84
0.692729,9237.95
0.692889,9238.06
0.693049,9238.17
0.693209,9238.28
0.693369,9238.39
0.693529,9238.49
0.693689,9238.6
0.693849,9238.7
0.694009,9238.81
0.694169,9238.92
0.694329,9239.03
0.694489,9239.11
0.694649,9239.2
0.694809,9239.29
0.694969,9239.38
0.69513,9239.47
0.69529,9239.55
0.69545,9239.62
0.69561,9239.7
0.69577,9239.77
0.69593,9239.84
0.69609,9239.91
0.69625,9239.98
0.69641,9240.03
0.69657,9240.09
0.69673,9240.15
0.69689,9240.21
0.69705,9240.27
0.69721,9240.32
0.69737,9240.36
0.69753,9240.41
0.69769,9240.45
0.69785,9240.49
0.69801,9240.54
0.69817,9240.58
0.69833,9240.6
0.69849,9240.64
0.69865,9240.67
0.69881,9240.7
0.69897,9240.73
0.69913,9240.76
0.69929,9240.78
0.69945,9240.8
0.69961,9240.82
0.69977,9240.84
0.69993,9240.86
0.70009,9240.88
0.70025,9240.89
0.70041,9240.9
0.70057,9240.91
0.70073,9240.93
0.70089,9240.94
0.70105,9240.95
0.70121,9240.95
0.70137,9240.96
0.70153,9240.96
0.70169,9240.97
0.70185,9240.97
0.70201,9240.98
0.70217,9240.98
0.70233,9240.98
0.70249,9240.97
0.70265,9240.97
0.70281,9240.97
0.70297,9240.97
0.70313,9240.97
0.70329,9240.96
0.70345,9240.96
0.70361,9240.95
0.70377,9240.95
0.70393,9240.94
0.70409,9240.93
0.70425,9240.93
0.70441,9240.92
0.70457,9240.91
0.70473,9240.9
0.70489,9240.89
0.705051,9240.88
0.705211,9240.87
0.705371,9240.85
0.705531,9240.84
0.705691,9240.83
0.705851,9240.81
0.706011,9240.8
0.706171,9240.78
0.706331,9240.76
0.706491,9240.75
0.706651,9240.73
0.706811,9240.71
0.706971,9240.69
0.707131,9240.67
0.707291,9240.65
0.707451,9240.63
0.707611,9240.61
0.707771,9240.59
0.707931,9240.57
0.708091,9240.55
0.708251,9240.53
0.708411,9240.51
0.708571,9240.49
0.708731,9240.47
0.708891,9240.45
0.709051,9240.43
0.709211,9240.41
0.709371,9240.39
0.709531,9240.37
0.709691,9240.35
0.709851,9240.33
0.710011,9240.31
0.710171,9240.29
0.710331,9240.28
0.710491,9240.26
0.710651,9240.24
0.710811,9240.23
0.710971,9240.21
0.711131,9240.19
0.711291,9240.18
0.711451,9240.16
0.711611,9240.15
0.711771,9240.13
0.711931,9240.12
0.712091,9240.11
0.712251,9240.1
0.712411,9240.09
0.712571,9240.08
0.712731,9240.07
0.712891,9240.06
0.713051,9240.05
0.713211,9240.04
0.713371,9240.03
0.713531,9240.02
0.713691,9240.01
0.713851,9240.01
0.714011,9240
0.714171,9239.99
0.714331,9239.99
0.714491,9239.98
0.714651,9239.98
0.714811,9239.97
0.714971,9239.97
0.715132,9239.97
0.715292,9239.96
0.715452,9239.96
0.715612,9239.96
0.715772,9239.96
0.715932,9239.96
0.716092,9239.96
0.716252,9239.96
0.716412,9239.96
0.716572,9239.96
0.716732,9239.96
0.716892,9239.96
0.717052,9239.96
0.717212,9239.97
0.717372,9239.97
0.717532,9239.97
0.717692,9239.97
0.717852,9239.98
0.718012,9239.98
0.718172,9239.98
0.718332,9239.99
0.718492,9239.99
0.718652,9239.99
0.718812,9240
0.718972,9240
0.719132,9240
0.719292,9240.01
0.719452,9240.01
0.719612,9240.01
0.719772,9240.01
0.719932,9240.02
0.720092,9240.02
0.720252,9240.02
0.720412,9240.02
0.720572,9240.03
0.720732,9240.03
0.720892,9240.03
0.721052,9240.03
0.721212,9240.03
0.721372,9240.03
0.721532,9240.03
0.721692,9240.03
0.721852,9240.03
0.722012,9240.03
0.722172,9240.03
0.722332,9240.03
0.722492,9240.03
0.722652,9240.02
0.722812,9240.02
0.722972,9240.02
0.723132,9240.02
0.723292,9240.01
0.723452,9240.01
0.723612,9240
0.723772,9240
0.723932,9239.99
0.724092,9239.99
0.724252,9239.98
0.724412,9239.97
0.724572,9239.97
0.724732,9239.96
0.724892,9239.95
0.725053,9239.94
0.725213,9239.93
0.725373,9239.92
0.725533,9239.91
0.725693,9239.9
0.725853,9239.89
0.726013,9239.88
0.726173,9239.86
0.726333,9239.85
0.726493,9239.84
0.726653,9239.82
0.726813,9239.81
0.726973,9239.79
0.727133,9239.77
0.727293,9239.75
0.727453,9239.74
0.727613,9239.72
0.727773,9239.7
0.727933,9239.68
0.728093,9239.65
0.728253,9239.63
0.728413,9239.61
0.728573,9239.59
0.728733,9239.56
0.728893,9239.54
0.729053,9239.51
0.729213,9239.49
0.729373,9239.46
0.729533,9239.43
0.729693,9239.41
0.729853,9239.38
0.730013,9239.35
0.730173,9239.32
0.730333,9239.29
0.730493,9239.26
0.730653,9239.23
0.730813,9239.2
0.730973,9239.17
0.731133,9239.14
0.731293,9239.11
0.731453,9239.07
0.731613,9239.04
0.731773,9239.01
0.731933,9238.98
0.732093,9238.94
0.732253,9238.91
0.732413,9238.88
0.732573,9238.85
0.732733,9238.82
0.732893,9238.79
0.733053,9238.76
0.733213,9238.73
0.733373,9238.7
0.733533,9238.66
0.733693,9238.64
0.733853,9238.61
0.734013,9238.58
0.734173,9238.55
0.734333,9238.52
0.734493,9238.49
0.734653,9238.47
0.734813,9238.44
0.734973,9238.42
0.735134,9238.39
0.735294,9238.37
0.735454,9238.34
0.735614,9238.32
0.735774,9238.3
0.735934,9238.28
0.736094,9238.26
0.736254,9238.24
0.736414,9238.22
0.736574,9238.2
0.736734,9238.19
0.736894,9238.17
0.737054,9238.15
0.737214,9238.13
0.737374,9238.12
0.737534,9238.1
0.737694,9238.09
0.737854,9238.08
0.738014,9238.06
0.738174,9238.05
0.738334,9238.04
0.738494,9238.03
0.738654,9238.02
0.738814,9238.01
0.738974,9238
0.739134,9237.99
0.739294,9237.98
0.739454,9237.97
0.739614,9237.97
0.739774,9237.96
0.739934,9237.96
0.740094,9237.95
0.740254,9237.94
0.740414,9237.94
0.740574,9237.94
0.740734,9237.94
0.740894,9237.93
0.741054,9237.93
0.741214,9237.93
0.741374,9237.93
0.741534,9237.93
0.741694,9237.93
0.741854,9237.93
0.742014,9237.93
0.742174,9237.93
0.742334,9237.93
0.742494,9237.93
0.742654,9237.93
0.742814,9237.93
0.742974,9237.94
0.743134,9237.94
0.743294,9237.95
0.743454,9237.95
0.743614,9237.96
0.743774,9237.96
0.743934,9237.97
0.744094,9237.97
0.744254,9237.98
0.744414,9237.99
0.744574,9237.99
0.744734,9238
0.744894,9238.01
0.745055,9238.02
0.745215,9238.03
0.745375,9238.04
0.745535,9238.05
0.745695,9238.06
0.745855,9238.07
0.746015,9238.08
0.746175,9238.09
0.746335,9238.1
0.746495,9238.11
0.746655,9238.12
0.746815,9238.13
0.746975,9238.14
0.747135,9238.15
0.747295,9238.16
0.747455,9238.17
0.747615,9238.18
0.747775,9238.19
0.747935,9238.2
0.748095,9238.21
0.748255,9238.22
0.748415,9238.22
0.748575,9238.23
0.748735,9238.24
0.748895,9238.25
0.749055,9238.26
0.749215,9238.26
0.749375,9238.27
0.749535,9238.28
0.749695,9238.28
0.749855,9238.29
0.750015,9238.3
0.750175,9238.3
0.750335,9238.31
0.750495,9238.31
0.750655,9238.32
0.750815,9238.32
0.750975,9238.33
0.751135,9238.33
0.751295,9238.33
0.751455,9238.34
0.751615,9238.34
0.751775,9238.34
0.751935,9238.34
0.752095,9238.34
0.752255,9238.35
0.752415,9238.35
0.752575,9238.35
0.752735,9238.35
0.752895,9238.35
0.753055,9238.35
0.753215,9238.35
0.753375,9238.35
0.753535,9238.35
0.753695,9238.35
0.753855,9238.35
0.754015,9238.35
0.754175,9238.35
0.754335,9238.35
0.754495,9238.35
0.754655,9238.35
0.754815,9238.35
0.754975,9238.35
0.755136,9238.35
0.755296,9238.34
0.755456,9238.34
0.755616,9238.34
0.755776,9238.34
0.755936,9238.33
0.756096,9238.33
0.756256,9238.33
0.756416,9238.33
0.756576,9238.33
0.756736,9238.32
0.756896,9238.32
0.757056,9238.32
0.757216,9238.32
0.757376,9238.32
0.757536,9238.32
0.757696,9238.31
0.757856,9238.31
0.758016,9238.31
0.758176,9238.31
0.758336,9238.31
0.758496,9238.31
0.758656,9238.31
0.758816,9238.3
0.758976,9238.3
0.759136,9238.3
0.759296,9238.3
0.759456,9238.3
0.759616,9238.3
0.759776,9238.3
0.759936,9238.3
0.760096,9238.3
0.760256,9238.3
0.760416,9238.31
0.760576,9238.31
0.760736,9238.31
0.760896,9238.31
0.761056,9238.31
0.761216,9238.31
0.761376,9238.32
0.761536,9238.32
0.761696,9238.32
0.761856,9238.33
0.762016,9238.33
0.762176,9238.34
0.762336,9238.34
0.762496,9238.35
0.762656,9238.35
0.762816,9238.36
0.762976,9238.36
0.763136,9238.37
0.763296,9238.38
0.763456,9238.39
0.763616,9238.4
0.763776,9238.41
0.763936,9238.42
0.764096,9238.42
0.764256,9238.44
0.764416,9238.45
0.764576,9238.46
0.764736,9238.48
0.764896,9238.49
0.765057,9238.5
0.765217,9238.52
0.765377,9238.53
0.765537,9238.55
0.765697,9238.57
0.765857,9238.58
0.766017,9238.6
0.766177,9238.62
0.766337,9238.64
0.766497,9238.66
0.766657,9238.68
0.766817,9238.7
0.766977,9238.73
0.767137,9238.75
0.767297,9238.77
0.767457,9238.8
0.767617,9238.82
0.767777,9238.85
0.767937,9238.87
0.768097,9238.9
0.768257,9238.93
0.768417,9238.95
0.768577,9238.98
0.768737,9239.01
0.768897,9239.04
0.769057,9239.07
0.769217,9239.1
0.769377,9239.13
0.769537,9239.16
0.769697,9239.2
0.769857,9239.23
0.770017,9239.26
0.770177,9239.29
0.770337,9239.33
0.770497,9239.36
0.770657,9239.39
0.770817,9239.43
0.770977,9239.46
0.771137,9239.49
0.771297,9239.53
0.771457,9239.56
0.771617,9239.59
0.771777,9239.63
0.771937,9239.66
0.772097,9239.69
0.772257,9239.72
0.772417,9239.75
0.772577,9239.79
0.772737,9239.82
0.772897,9239.85
0.773057,9239.88
0.773217,9239.91
0.773377,9239.93
0.773537,9239.96
0.773697,9239.99
0.773857,9240.02
0.774017,9240.05
0.774177,9240.07
0.774337,9240.1
0.774497,9240.13
0.774657,9240.15
0.774817,9240.18
0.774977,9240.2
0.775138,9240.22
0.775298,9240.25
0.775458,9240.27
0.775618,9240.29
0.775778,9240.31
0.775938,9240.33
0.776098,9240.35
0.776258,9240.38
0.776418,9240.4
0.776578,9240.42
0.776738,9240.43
0.776898,9240.45
0.777058,9240.47
0.777218,9240.49
0.777378,9240.5
0.777538,9240.52
0.777698,9240.53
0.777858,9240.55
0.778018,9240.56
0.778178,9240.58
0.778338,9240.59
0.778498,9240.6
0.778658,9240.62
0.778818,9240.63
0.778978,9240.64
0.779138,9240.65
0.779298,9240.67
0.779458,9240.68
0.779618,9240.69
0.779778,9240.7
0.779938,9240.71
0.780098,9240.72
0.780258,9240.73
0.780418,9240.74
0.780578,9240.74
0.780738,9240.75
0.780898,9240.76
0.781058,9240.76
0.781218,9240.77
0.781378,9240.78
0.781538,9240.78
0.781698,9240.79
0.781858,9240.8
0.782018,9240.8
0.782178,9240.81
0.782338,9240.82
0.782498,9240.82
0.782658,9240.82
0.782818,9240.83
0.782978,9240.83
0.783138,9240.84
0.783298,9240.84
0.783458,9240.84
0.783618,9240.84
0.783778,9240.85
0.783938,9240.85
0.784098,9240.85
0.784258,9240.85
0.784418,9240.86
0.784578,9240.86
0.784738,9240.86
0.784898,9240.86
0.785059,9240.86
0.785219,9240.86
0.785379,9240.86
0.785539,9240.86
0.785699,9240.86
0.785859,9240.86
0.786019,9240.86
0.786179,9240.86
0.786339,9240.86
0.786499,9240.86
0.786659,9240.86
0.786819,9240.86
0.786979,9240.86
0.787139,9240.85
0.787299,9240.85
0.787459,9240.85
0.787619,9240.85
0.787779,9240.84
0.787939,9240.84
0.788099,9240.84
0.788259,9240.84
0.788419,9240.84
0.788579,9240.83
0.788739,9240.83
0.788899,9240.83
0.789059,9240.82
0.789219,9240.82
0.789379,9240.81
0.789539,9240.81
0.789699,9240.81
0.789859,9240.8
0.790019,9240.8
0.790179,9240.79
0.790339,9240.79
0.790499,9240.78
0.790659,9240.78
0.790819,9240.77
0.790979,9240.77
0.791139,9240.76
0.791299,9240.75
0.791459,9240.75
0.791619,9240.74
0.791779,9240.73
0.791939,9240.73
0.792099,9240.72
0.792259,9240.71
0.792419,9240.71
0.792579,9240.7
0.792739,9240.69
0.792899,9240.68
0.793059,9240.67
0.793219,9240.66
0.793379,9240.66
0.793539,9240.65
0.793699,9240.64
0.793859,9240.63
0.794019,9240.62
0.794179,9240.61
0.794339,9240.6
0.794499,9240.59
0.794659,9240.58
0.794819,9240.57
0.794979,9240.56
0.79514,9240.55
0.7953,9240.54
0.79546,9240.53
0.79562,9240.51
0.79578,9240.5
0.79594,9240.49
0.7961,9240.48
0.79626,9240.46
0.79642,9240.45
0.79658,9240.44
0.79674,9240.43
0.7969,9240.41
0.79706,9240.4
0.79722,9240.38
0.79738,9240.37
0.79754,9240.35
0.7977,9240.33
0.79786,9240.31
0.79802,9240.29
0.79818,9240.27
0.79834,9240.26
0.7985,9240.24
0.79866,9240.21
0.79882,9240.19
0.79898,9240.17
0.79914,9240.15
0.7993,9240.13
0.79946,9240.11
0.79962,9240.08
0.79978,9240.06
0.79994,9240.04
0.8001,9240.02
0.80026,9240
0.80042,9239.98
0.80058,9239.95
0.80074,9239.93
0.8009,9239.91
0.80106,9239.89
0.80122,9239.87
0.80138,9239.85
0.80154,9239.83
0.8017,9239.81
0.80186,9239.79
0.80202,9239.76
0.80218,9239.74
0.80234,9239.72
0.8025,9239.7
0.80266,9239.68
0.80282,9239.66
0.80298,9239.65
0.80314,9239.63
0.8033,9239.61
0.80346,9239.59
0.80362,9239.57
0.80378,9239.55
0.80394,9239.54
0.8041,9239.52
0.80426,9239.5
0.80442,9239.48
0.80458,9239.47
0.80474,9239.45
0.8049,9239.43
0.805061,9239.42
0.805221,9239.4
0.805381,9239.38
0.805541,9239.37
0.805701,9239.35
0.805861,9239.34
0.806021,9239.32
0.806181,9239.31
0.806341,9239.29
0.806501,9239.28
0.806661,9239.27
0.806821,9239.25
0.806981,9239.24
0.807141,9239.23
0.807301,9239.22
0.807461,9239.2
0.807621,9239.19
0.807781,9239.18
0.807941,9239.16
0.808101,9239.15
0.808261,9239.14
0.808421,9239.13
0.808581,9239.12
0.808741,9239.11
0.808901,9239.1
0.809061,9239.09
0.809221,9239.08
0.809381,9239.07
0.809541,9239.06
0.809701,9239.05
0.809861,9239.04
0.810021,9239.03
0.810181,9239.03
0.810341,9239.02
0.810501,9239.01
0.810661,9239.01
0.810821,9239
0.810981,9238.99
0.811141,9238.99
0.811301,9238.98
0.811461,9238.97
0.811621,9238.97
0.811781,9238.96
0.811941,9238.96
0.812101,9238.95
0.812261,9238.95
0.812421,9238.94
0.812581,9238.94
0.812741,9238.94
0.812901,9238.93
0.813061,9238.93
0.813221,9238.93
0.813381,9238.93
0.813541,9238.93
0.813701,9238.93
0.813861,9238.93
0.814021,9238.93
0.814181,9238.93
0.814341,9238.93
0.814501,9238.93
0.814661,9238.93
0.814821,9238.93
0.814981,9238.93
0.815142,9238.94
0.815302,9238.94
0.815462,9238.95
0.815622,9238.95
0.815782,9238.95
0.815942,9238.96
0.816102,9238.97
0.816262,9238.97
0.816422,9238.98
0.816582,9238.98
0.816742,9238.99
0.816902,9239
0.817062,9239.01
0.817222,9239.02
0.817382,9239.03
0.817542,9239.04
0.817702,9239.05
0.817862,9239.06
0.818022,9239.07
0.818182,9239.08
0.818342,9239.1
0.818502,9239.11
0.818662,9239.12
0.818822,9239.14
0.818982,9239.15
0.819142,9239.17
0.819302,9239.19
0.819462,9239.2
0.819622,9239.22
0.819782,9239.23
0.819942,9239.25
0.820102,9239.27
0.820262,9239.29
0.820422,9239.3
0.820582,9239.32
0.820742,9239.34
0.820902,9239.36
0.821062,9239.38
0.821222,9239.4
0.821382,9239.42
0.821542,9239.44
0.821702,9239.46
0.821862,9239.48
0.822022,9239.51
0.822182,9239.53
0.822342,9239.55
0.822502,9239.57
0.822662,9239.59
0.822822,9239.61
0.822982,9239.63
0.823142,9239.66
0.823302,9239.68
0.823462,9239.7
0.823622,9239.72
0.823782,9239.74
0.823942,9239.76
0.824102,9239.78
0.824262,9239.8
0.824422,9239.82
0.824582,9239.84
0.824742,9239.86
0.824902,9239.88
0.825063,9239.9
0.825223,9239.92
0.825383,9239.93
0.825543,9239.95
0.825703,9239.97
0.825863,9239.98
0.826023,9240
0.826183,9240.02
0.826343,9240.03
0.826503,9240.05
0.826663,9240.06
0.826823,9240.08
0.826983,9240.09
0.827143,9240.11
0.827303,9240.12
0.827463,9240.13
0.827623,9240.14
0.827783,9240.15
0.827943,9240.17
0.828103,9240.18
0.828263,9240.19
0.828423,9240.2
0.828583,9240.21
0.828743,9240.21
0.828903,9240.22
0.829063,9240.23
0.829223,9240.24
0.829383,9240.25
0.829543,9240.25
0.829703,9240.26
0.829863,9240.26
0.830023,9240.27
0.830183,9240.28
0.830343,9240.28
0.830503,9240.28
0.830663,9240.29
0.830823,9240.29
0.830983,9240.29
0.831143,9240.3
0.831303,9240.3
0.831463,9240.3
0.831623,9240.3
0.831783,9240.3
0.831943,9240.31
0.832103,9240.31
0.832263,9240.31
0.832423,9240.31
0.832583,9240.31
0.832743,9240.31
0.832903,9240.31
0.833063,9240.3
0.833223,9240.3
0.833383,9240.3
0.833543,9240.3
0.833703,9240.3
0.833863,9240.3
0.834023,9240.29
0.834183,9240.29
0.834343,9240.29
0.834503,9240.28
0.834663,9240.28
0.834823,9240.27
0.834983,9240.27
0.835144,9240.26
0.835304,9240.26
0.835464,9240.25
0.835624,9240.25
0.835784,9240.24
0.835944,9240.24
0.836104,9240.23
0.836264,9240.23
0.836424,9240.22
0.836584,9240.21
0.836744,9240.21
0.836904,9240.2
0.837064,9240.19
0.837224,9240.19
0.837384,9240.18
0.837544,9240.17
0.837704,9240.17
0.837864,9240.16
0.838024,9240.15
0.838184,9240.14
0.838344,9240.14
0.838504,9240.13
0.838664,9240.12
0.838824,9240.12
0.838984,9240.11
0.839144,9240.1
0.839304,9240.09
0.839464,9240.09
0.839624,9240.08
0.839784,9240.07
0.839944,9240.07
0.840104,9240.06
0.840264,9240.05
0.840424,9240.05
0.840584,9240.04
0.840744,9240.03
0.840904,9240.03
0.841064,9240.02
0.841224,9240.02
0.841384,9240.01
0.841544,9240
0.841704,9240
0.841864,9239.99
0.842024,9239.99
0.842184,9239.98
0.842344,9239.98
0.842504,9239.97
0.842664,9239.97
0.842824,9239.96
0.842984,9239.96
0.843144,9239.95
0.843304,9239.95
0.843464,9239.95
0.843624,9239.94
0.843784,9239.94
0.843944,9239.94
0.844104,9239.94
0.844264,9239.94
0.844424,9239.94
0.844584,9239.93
0.844744,9239.93
0.844904,9239.93
0.845065,9239.93
0.845225,9239.93
0.845385,9239.93
0.845545,9239.93
0.845705,9239.93
0.845865,9239.93
0.846025,9239.94
0.846185,9239.94
0.846345,9239.94
0.846505,9239.94
0.846665,9239.94
0.846825,9239.95
0.846985,9239.95
0.847145,9239.95
0.847305,9239.95
0.847465,9239.96
0.847625,9239.96
0.847785,9239.96
0.847945,9239.97
0.848105,9239.97
0.848265,9239.97
0.848425,9239.98
0.848585,9239.98
0.848745,9239.98
0.848905,9239.99
0.849065,9239.99
0.849225,9239.99
0.849385,9240
0.849545,9240
0.849705,9240
0.849865,9240.01
0.850025,9240.01
0.850185,9240.01
0.850345,9240.01
0.850505,9240.01
0.850665,9240.01
0.850825,9240.02
0.850985,9240.02
0.851145,9240.02
0.851305,9240.02
0.851465,9240.02
0.851625,9240.02
0.851785,9240.02
0.851945,9240.02
0.852105,9240.02
0.852265,9240.02
0.852425,9240.02
0.852585,9240.01
0.852745,9240.01
0.852905,9240.01
0.853065,9240.01
0.853225,9240
0.853385,9240
0.853545,9240
0.853705,9239.99
0.853865,9239.99
0.854025,9239.98
0.854185,9239.98
0.854345,9239.97
0.854505,9239.96
0.854665,9239.95
0.854825,9239.95
0.854985,9239.94
0.855146,9239.93
0.855306,9239.92
0.855466,9239.91
0.855626,9239.9
0.855786,9239.89
0.855946,9239.88
0.856106,9239.87
0.856266,9239.86
0.856426,9239.84
0.856586,9239.83
0.856746,9239.82
0.856906,9239.81
0.857066,9239.79
0.857226,9239.78
0.857386,9239.76
0.857546,9239.75
0.857706,9239.73
0.857866,9239.72
0.858026,9239.7
0.858186,9239.68
0.858346,9239.66
0.858506,9239.64
0.858666,9239.62
0.858826,9239.6
0.858986,9239.58
0.859146,9239.56
0.859306,9239.53
0.859466,9239.51
0.859626,9239.49
0.859786,9239.47
0.859946,9239.44
0.860106,9239.42
0.860266,9239.39
0.860426,9239.37
0.860586,9239.34
0.860746,9239.32
0.860906,9239.29
0.861066,9239.26
0.861226,9239.23
0.861386,9239.21
0.861546,9239.18
0.861706,9239.15
0.861866,9239.12
0.862026,9239.09
0.862186,9239.06
0.862346,9239.03
0.862506,9239
0.862666,9238.97
0.862826,9238.94
0.862986,9238.91
0.863146,9238.88
0.863306,9238.85
0.863466,9238.82
0.863626,9238.78
0.863786,9238.75
0.863946,9238.72
0.864106,9238.69
0.864266,9238.65
0.864426,9238.62
0.864586,9238.59
0.864746,9238.56
0.864906,9238.53
0.865067,9238.5
0.865227,9238.47
0.865387,9238.43
0.865547,9238.4
0.865707,9238.37
0.865867,9238.34
0.866027,9238.31
0.866187,9238.28
0.866347,9238.25
0.866507,9238.22
0.866667,9238.2
0.866827,9238.17
0.866987,9238.14
0.867147,9238.11
0.867307,9238.09
0.867467,9238.06
0.867627,9238.03
0.867787,9238.01
0.867947,9237.98
0.868107,9237.95
0.868267,9237.93
0.868427,9237.9
0.868587,9237.88
0.868747,9237.86
0.868907,9237.84
0.869067,9237.82
0.869227,9237.79
0.869387,9237.77
0.869547,9237.75
0.869707,9237.73
0.869867,9237.71
0.870027,9237.69
0.870187,9237.68
0.870347,9237.66
0.870507,9237.64
0.870667,9237.62
0.870827,9237.6
0.870987,9237.59
0.871147,9237.57
0.871307,9237.55
0.871467,9237.54
0.871627,9237.52
0.871787,9237.51
0.871947,9237.49
0.872107,9237.48
0.872267,9237.47
0.872427,9237.45
0.872587,9237.44
0.872747,9237.43
0.872907,9237.42
0.873067,9237.4
0.873227,9237.39
0.873387,9237.38
0.873547,9237.37
0.873707,9237.36
0.873867,9237.35
0.874027,9237.34
0.874187,9237.33
0.874347,9237.32
0.874507,9237.31
0.874667,9237.3
0.874827,9237.29
0.874987,9237.29
0.875148,9237.28
0.875308,9237.27
0.875468,9237.26
0.875628,9237.26
0.875788,9237.25
0.875948,9237.24
0.876108,9237.24
0.876268,9237.23
0.876428,9237.23
0.876588,9237.22
0.876748,9237.22
0.876908,9237.21
0.877068,9237.21
0.877228,9237.2
0.877388,9237.2
0.877548,9237.19
0.877708,9237.19
0.877868,9237.18
0.878028,9237.18
0.878188,9237.18
0.878348,9237.17
0.878508,9237.17
0.878668,9237.17
0.878828,9237.16
0.878988,9237.16
0.879148,9237.16
0.879308,9237.15
0.879468,9237.15
0.879628,9237.15
0.879788,9237.14
0.879948,9237.14
0.880108,9237.14
0.880268,9237.14
0.880428,9237.13
0.880588,9237.13
0.880748,9237.13
0.880908,9237.13
0.881068,9237.12
0.881228,9237.12
0.881388,9237.12
0.881548,9237.12
0.881708,9237.12
0.881868,9237.11
0.882028,9237.11
0.882188,9237.11
0.882348,9237.11
0.882508,9237.1
0.882668,9237.1
0.882828,9237.1
0.882988,9237.1
0.883148,9237.09
0.883308,9237.09
0.883468,9237.09
0.883628,9237.08
0.883788,9237.08
0.883948,9237.08
0.884108,9237.07
0.884268,9237.07
0.884428,9237.07
0.884588,9237.06
0.884748,9237.06
0.884908,9237.06
0.885069,9237.05
0.885229,9237.05
0.885389,9237.04
0.885549,9237.04
0.885709,9237.04
0.885869,9237.03
0.886029,9237.03
0.886189,9237.02
0.886349,9237.02
0.886509,9237.02
0.886669,9237.01
0.886829,9237.01
0.886989,9237
0.887149,9237
0.887309,9236.99
0.887469,9236.99
0.887629,9236.98
0.887789,9236.98
0.887949,9236.97
0.888109,9236.97
0.888269,9236.96
0.888429,9236.96
0.888589,9236.95
0.888749,9236.95
0.888909,9236.94
0.889069,9236.93
0.889229,9236.93
0.889389,9236.92
0.889549,9236.92
0.889709,9236.91
0.889869,9236.9
0.890029,9236.9
0.890189,9236.89
0.890349,9236.88
0.890509,9236.88
0.890669,9236.87
0.890829,9236.86
0.890989,9236.86
0.891149,9236.85
0.891309,9236.84
0.891469,9236.84
0.891629,9236.83
0.891789,9236.82
0.891949,9236.82
0.892109,9236.81
0.892269,9236.8
0.892429,9236.79
0.892589,9236.79
0.892749,9236.78
0.892909,9236.77
0.893069,9236.76
0.893229,9236.75
0.893389,9236.75
0.893549,9236.74
0.893709,9236.73
0.893869,9236.72
0.894029,9236.71
0.894189,9236.7
0.894349,9236.7
0.894509,9236.69
0.894669,9236.68
0.894829,9236.67
0.894989,9236.66
0.89515,9236.65
0.89531,9236.64
0.89547,9236.63
0.89563,9236.62
0.89579,9236.61
0.89595,9236.6
0.89611,9236.59
0.89627,9236.58
0.89643,9236.57
0.89659,9236.56
0.89675,9236.55
0.89691,9236.54
0.89707,9236.53
0.89723,9236.52
0.89739,9236.51
0.89755,9236.5
0.89771,9236.49
0.89787,9236.48
0.89803,9236.46
0.89819,9236.45
0.89835,9236.44
0.89851,9236.43
0.89867,9236.42
0.89883,9236.4
0.89899,9236.39
0.89915,9236.38
0.89931,9236.37
0.89947,9236.35
0.89963,9236.34
0.89979,9236.33
0.89995,9236.32
0.90011,9236.31
0.90027,9236.29
0.90043,9236.28
0.90059,9236.27
0.90075,9236.26
0.90091,9236.25
0.90107,9236.23
0.90123,9236.22
0.90139,9236.21
0.90155,9236.2
0.90171,9236.18
0.90187,9236.17
0.90203,9236.16
0.90219,9236.14
0.90235,9236.13
0.90251,9236.12
0.90267,9236.1
0.90283,9236.09
0.90299,9236.07
0.90315,9236.06
0.90331,9236.04
0.90347,9236.03
0.90363,9236.01
0.90379,9235.99
0.90395,9235.98
0.90411,9235.96
0.90427,9235.94
0.90443,9235.93
0.90459,9235.91
0.90475,9235.89
0.90491,9235.88
0.905071,9235.86
0.905231,9235.84
0.905391,9235.82
0.905551,9235.8
0.905711,9235.78
0.905871,9235.76
0.906031,9235.74
0.906191,9235.72
0.906351,9235.7
0.906511,9235.68
0.906671,9235.66
0.906831,9235.64
0.906991,9235.62
0.907151,9235.6
0.907311,9235.58
0.907471,9235.56
0.907631,9235.54
0.907791,9235.52
0.907951,9235.49
0.908111,9235.47
0.908271,9235.45
0.908431,9235.43
0.908591,9235.41
0.908751,9235.38
0.908911,9235.36
0.909071,9235.34
0.909231,9235.31
0.909391,9235.29
0.909551,9235.27
0.909711,9235.24
0.909871,9235.22
0.910031,9235.2
0.910191,9235.17
0.910351,9235.15
0.910511,9235.13
0.910671,9235.1
0.910831,9235.08
0.910991,9235.06
0.911151,9235.04
0.911311,9235.01
0.911471,9234.99
0.911631,9234.97
0.911791,9234.95
0.911951,9234.92
0.912111,9234.9
0.912271,9234.88
0.912431,9234.86
0.912591,9234.84
0.912751,9234.82
0.912911,9234.8
0.913071,9234.78
0.913231,9234.76
0.913391,9234.74
0.913551,9234.72
0.913711,9234.7
0.913871,9234.68
0.914031,9234.67
0.914191,9234.65
0.914351,9234.63
0.914511,9234.61
0.914671,9234.6
0.914831,9234.58
0.914991,9234.57
0.915152,9234.55
0.915312,9234.54
0.915472,9234.52
0.915632,9234.51
0.915792,9234.49
0.915952,9234.48
0.916112,9234.46
0.916272,9234.45
0.916432,9234.44
0.916592,9234.42
0.916752,9234.41
0.916912,9234.4
0.917072,9234.39
0.917232,9234.37
0.917392,9234.36
0.917552,9234.35
0.917712,9234.34
0.917872,9234.33
0.918032,9234.32
0.918192,9234.3
0.918352,9234.29
0.918512,9234.28
0.918672,9234.27
0.918832,9234.26
0.918992,9234.25
0.919152,9234.24
0.919312,9234.23
0.919472,9234.21
0.919632,9234.2
0.919792,9234.19
0.919952,9234.18
0.920112,9234.17
0.920272,9234.16
0.920432,9234.15
0.920592,9234.14
0.920752,9234.12
0.920912,9234.11
0.921072,9234.1
0.921232,9234.09
0.921392,9234.07
0.921552,9234.06
0.921712,9234.04
0.921872,9234.03
0.922032,9234.02
0.922192,9234
0.922352,9233.98
0.922512,9233.97
0.922672,9233.95
0.922832,9233.94
0.922992,9233.92
0.923152,9233.9
0.923312,9233.88
0.923472,9233.86
0.923632,9233.84
0.923792,9233.82
0.923952,9233.8
0.924112,9233.78
0.924272,9233.75
0.924432,9233.73
0.924592,9233.7
0.924752,9233.68
0.924912,9233.65
0.925073,9233.62
0.925233,9233.59
0.925393,9233.56
0.925553,9233.53
0.925713,9233.5
0.925873,9233.47
0.926033,9233.43
0.926193,9233.4
0.926353,9233.36
0.926513,9233.32
0.926673,9233.29
0.926833,9233.24
0.926993,9233.2
0.927153,9233.15
0.927313,9233.11
0.927473,9233.06
0.927633,9233.02
0.927793,9232.97
0.927953,9232.91
0.928113,9232.86
0.928273,9232.8
0.928433,9232.74
0.928593,9232.69
0.928753,9232.62
0.928913,9232.56
0.929073,9232.49
0.929233,9232.42
0.929393,9232.35
0.929553,9232.28
0.929713,9232.21
0.929873,9232.12
0.930033,9232.04
0.930193,9231.96
0.930353,9231.88
0.930513,9231.8
0.930673,9231.7
0.930833,9231.6
0.930993,9231.5
0.931153,9231.4
0.931313,9231.31
0.931473,9231.2
0.931633,9231.09
0.931793,9230.97
0.931953,9230.85
0.932113,9230.73
0.932273,9230.62
0.932433,9230.5
0.932593,9230.36
0.932753,9230.22
0.932913,9230.08
0.933073,9229.93
0.933233,9229.79
0.933393,9229.65
0.933553,9229.49
0.933713,9229.32
0.933873,9229.15
0.934033,9228.98
0.934193,9228.82
0.934353,9228.65
0.934513,9228.46
0.934673,9228.26
0.934833,9228.07
0.934993,9227.87
0.935154,9227.67
0.935314,9227.48
0.935474,9227.25
0.935634,9227.03
0.935794,9226.8
0.935954,9226.57
0.936114,9226.35
0.936274,9226.12
0.936434,9225.86
0.936594,9225.6
0.936754,9225.34
0.936914,9225.08
0.937074,9224.82
0.937234,9224.56
0.937394,9224.27
0.937554,9223.97
0.937714,9223.68
0.937874,9223.38
0.938034,9223.09
0.938194,9222.79
0.938354,9222.46
0.938514,9222.13
0.938674,9221.8
0.938834,9221.47
0.938994,9221.14
0.939154,9220.81
0.939314,9220.44
0.939474,9220.08
0.939634,9219.71
0.939794,9219.35
0.939954,9218.98
0.940114,9218.61
0.940274,9218.21
0.940434,9217.81
0.940594,9217.41
0.940754,9217.01
0.940914,9216.61
0.941074,9216.2
0.941234,9215.77
0.941394,9215.34
0.941554,9214.9
0.941714,9214.47
0.941874,9214.03
0.942034,9213.6
0.942194,9213.13
0.942354,9212.67
0.942514,9212.2
0.942674,9211.74
0.942834,9211.27
0.942994,9210.8
0.943154,9210.31
0.943314,9209.82
0.943474,9209.32
0.943634,9208.83
0.943794,9208.34
0.943954,9207.84
0.944114,9207.33
0.944274,9206.81
0.944434,9206.3
0.944594,9205.78
0.944754,9205.27
0.944914,9204.75
0.945075,9204.22
0.945235,9203.69
0.945395,9203.16
0.945555,9202.63
0.945715,9202.1
0.945875,9201.57
0.946035,9201.03
0.946195,9200.49
0.946355,9199.96
0.946515,9199.42
0.946675,9198.89
0.946835,9198.35
0.946995,9197.82
0.947155,9197.28
0.947315,9196.75
0.947475,9196.22
0.947635,9195.69
0.947795,9195.16
0.947955,9194.63
0.948115,9194.11
0.948275,9193.59
0.948435,9193.07
0.948595,9192.55
0.948755,9192.03
0.948915,9191.53
0.949075,9191.02
0.949235,9190.52
0.949395,9190.01
0.949555,9189.51
0.949715,9189.01
0.949875,9188.52
0.950035,9188.03
0.950195,9187.55
0.950355,9187.06
0.950515,9186.57
0.950675,9186.09
0.950835,9185.62
0.950995,9185.15
0.951155,9184.69
0.951315,9184.22
0.951475,9183.75
0.951635,9183.29
0.951795,9182.84
0.951955,9182.39
0.952115,9181.94
0.952275,9181.49
0.952435,9181.04
0.952595,9180.59
0.952755,9180.16
0.952915,9179.73
0.953075,9179.3
0.953235,9178.87
0.953395,9178.44
0.953555,9178.01
0.953715,9177.6
0.953875,9177.18
0.954035,9176.77
0.954195,9176.35
0.954355,9175.94
0.954515,9175.53
0.954675,9175.13
0.954835,9174.73
0.954995,9174.33
0.955156,9173.94
0.955316,9173.54
0.955476,9173.15
0.955636,9172.77
0.955796,9172.39
0.955956,9172
0.956116,9171.62
0.956276,9171.24
0.956436,9170.87
0.956596,9170.5
0.956756,9170.14
0.956916,9169.77
0.957076,9169.41
0.957236,9169.04
0.957396,9168.69
0.957556,9168.34
0.957716,9167.99
0.957876,9167.64
0.958036,9167.29
0.958196,9166.94
0.958356,9166.6
0.958516,9166.26
0.958676,9165.93
0.958836,9165.59
0.958996,9165.26
0.959156,9164.92
0.959316,9164.6
0.959476,9164.28
0.959636,9163.96
0.959796,9163.64
0.959956,9163.32
0.960116,9163
0.960276,9162.69
0.960436,9162.38
0.960596,9162.08
0.960756,9161.77
0.960916,9161.47
0.961076,9161.16
0.961236,9160.86
0.961396,9160.57
0.961556,9160.28
0.961716,9159.99
0.961876,9159.7
0.962036,9159.42
0.962196,9159.13
0.962356,9158.86
0.962516,9158.58
0.962676,9158.31
0.962836,9158.03
0.962996,9157.76
0.963156,9157.49
0.963316,9157.23
0.963476,9156.96
0.963636,9156.7
0.963796,9156.44
0.963956,9156.18
0.964116,9155.93
0.964276,9155.68
0.964436,9155.43
0.964596,9155.18
0.964756,9154.94
0.964916,9154.69
0.965077,9154.45
0.965237,9154.22
0.965397,9153.98
0.965557,9153.75
0.965717,9153.52
0.965877,9153.29
0.966037,9153.06
0.966197,9152.84
0.966357,9152.62
0.966517,9152.4
0.966677,9152.18
0.966837,9151.96
0.966997,9151.75
0.967157,9151.55
0.967317,9151.34
0.967477,9151.13
0.967637,9150.93
0.967797,9150.72
0.967957,9150.52
0.968117,9150.33
0.968277,9150.14
0.968437,9149.94
0.968597,9149.75
0.968757,9149.56
0.968917,9149.37
0.969077,9149.19
0.969237,9149.01
0.969397,9148.83
0.969557,9148.65
0.969717,9148.47
0.969877,9148.3
0.970037,9148.13
0.970197,9147.96
0.970357,9147.79
0.970517,9147.62
0.970677,9147.45
0.970837,9147.3
0.970997,9147.14
0.971157,9146.98
0.971317,9146.82
0.971477,9146.67
0.971637,9146.51
0.971797,9146.36
0.971957,9146.22
0.972117,9146.07
0.972277,9145.92
0.972437,9145.78
0.972597,9145.63
0.972757,9145.49
0.972917,9145.35
0.973077,9145.22
0.973237,9145.08
0.973397,9144.94
0.973557,9144.8
0.973717,9144.68
0.973877,9144.55
0.974037,9144.42
0.974197,9144.29
0.974357,9144.16
0.974517,9144.03
0.974677,9143.91
0.974837,9143.79
0.974997,9143.67
0.975158,9143.55
0.975318,9143.43
0.975478,9143.31
0.975638,9143.2
0.975798,9143.08
0.975958,9142.97
0.976118,9142.85
0.976278,9142.74
0.976438,9142.63
0.976598,9142.52
0.976758,9142.41
0.976918,9142.3
0.977078,9142.19
0.977238,9142.08
0.977398,9141.97
0.977558,9141.87
0.977718,9141.76
0.977878,9141.66
0.978038,9141.56
0.978198,9141.45
0.978358,9141.35
0.978518,9141.25
0.978678,9141.15
0.978838,9141.05
0.978998,9140.95
0.979158,9140.85
0.979318,9140.75
0.979478,9140.65
0.979638,9140.55
0.979798,9140.46
0.979958,9140.36
0.980118,9140.26
0.980278,9140.17
0.980438,9140.07
0.980598,9139.97
0.980758,9139.88
0.980918,9139.78
0.981078,9139.69
0.981238,9139.59
0.981398,9139.5
0.981558,9139.41
0.981718,9139.31
0.981878,9139.22
0.982038,9139.12
0.982198,9139.03
0.982358,9138.94
0.982518,9138.85
0.982678,9138.75
0.982838,9138.66
0.982998,9138.57
0.983158,9138.48
0.983318,9138.38
0.983478,9138.29
0.983638,9138.2
0.983798,9138.11
0.983958,9138.02
0.984118,9137.93
0.984278,9137.83
0.984438,9137.74
0.984598,9137.65
0.984758,9137.56
0.984918,9137.47
0.985079,9137.38
0.985239,9137.29
0.985399,9137.2
0.985559,9137.11
0.985719,9137.02
0.985879,9136.93
0.986039,9136.84
0.986199,9136.75
0.986359,9136.66
0.986519,9136.58
0.986679,9136.49
0.986839,9136.4
0.986999,9136.31
0.987159,9136.22
0.987319,9136.14
0.987479,9136.05
0.987639,9135.96
0.987799,9135.87
0.987959,9135.79
0.988119,9135.7
0.988279,9135.62
0.988439,9135.53
0.988599,9135.45
0.988759,9135.36
0.988919,9135.28
0.989079,9135.2
0.989239,9135.12
0.989399,9135.03
0.989559,9134.95
0.989719,9134.87
0.989879,9134.79
0.990039,9134.71
0.990199,9134.63
0.990359,9134.55
0.990519,9134.47
0.990679,9134.39
0.990839,9134.32
0.990999,9134.24
0.991159,9134.16
0.991319,9134.09
0.991479,9134.01
0.991639,9133.94
0.991799,9133.86
0.991959,9133.79
0.992119,9133.72
0.992279,9133.65
0.992439,9133.58
0.992599,9133.51
0.992759,9133.44
0.992919,9133.37
0.993079,9133.3
0.993239,9133.23
0.993399,9133.17
0.993559,9133.1
0.993719,9133.03
0.993879,9132.97
0.994039,9132.91
0.994199,9132.85
0.994359,9132.78
0.994519,9132.72
0.994679,9132.66
0.994839,9132.6
0.994999,9132.54
0.99516,9132.49
0.99532,9132.43
0.99548,9132.37
0.99564,9132.31
0.9958,9132.26
0.99596,9132.21
0.99612,9132.15
0.99628,9132.1
0.99644,9132.05
0.9966,9132
0.99676,9131.95
0.99692,9131.9
0.99708,9131.85
0.99724,9131.8
0.9974,9131.75
0.99756,9131.7
0.99772,9131.66
0.99788,9131.61
0.99804,9131.57
0.9982,9131.52
0.99836,9131.48
0.99852,9131.43
0.99868,9131.39
0.99884,9131.35
0.999,9131.31
0.99916,9131.27
0.99932,9131.23
0.99948,9131.19
0.99964,9131.15
0.9998,9131.12
0.99996,9131.08
1.00012,9131.04
1.00028,9131
1.00044,9130.97
1.0006,9130.93
1.00076,9130.9
1.00092,9130.86
1.00108,9130.83
1.00124,9130.79
1.0014,9130.76
1.00156,9130.73
1.00172,9130.7
1.00188,9130.66
1.00204,9130.63
1.0022,9130.6
1.00236,9130.57
1.00252,9130.54
1.00268,9130.51
1.00284,9130.47
1.003,9130.44
1.00316,9130.41
1.00332,9130.39
1.00348,9130.36
1.00364,9130.33
1.0038,9130.3
1.00396,9130.27
1.00412,9130.24
1.00428,9130.21
1.00444,9130.18
1.0046,9130.16
1.00476,9130.13
1.00492,9130.1
1.00508,9130.07
1.00524,9130.05
1.0054,9130.02
1.00556,9129.99
1.00572,9129.97
1.00588,9129.94
1.00604,9129.92
1.0062,9129.89
1.00636,9129.86
1.00652,9129.84
1.00668,9129.81
1.00684,9129.78
1.007,9129.76
1.00716,9129.73
1.00732,9129.7
1.00748,9129.68
1.00764,9129.65
1.0078,9129.62
1.00796,9129.6
1.00812,9129.57
1.00828,9129.55
1.00844,9129.52
1.0086,9129.49
1.00876,9129.47
1.00892,9129.44
1.00908,9129.41
1.00924,9129.39
1.0094,9129.36
1.00956,9129.34
1.00972,9129.31
1.00988,9129.28
1.01004,9129.26
1.0102,9129.23
1.01036,9129.2
1.01052,9129.17
1.01068,9129.15
1.01084,9129.12
1.011,9129.09
1.01116,9129.06
1.01132,9129.04
1.01148,9129.01
1.01164,9128.98
1.0118,9128.95
1.01196,9128.92
1.01212,9128.89
1.01228,9128.86
1.01244,9128.84
1.0126,9128.81
1.01276,9128.78
1.01292,9128.75
1.01308,9128.72
1.01324,9128.69
1.0134,9128.66
1.01356,9128.62
1.01372,9128.59
1.01388,9128.56
1.01404,9128.53
1.0142,9128.5
1.01436,9128.47
1.01452,9128.44
1.01468,9128.4
1.01484,9128.37
1.015,9128.34
1.01516,9128.3
1.01532,9128.27
1.01548,9128.24
1.01564,9128.2
1.0158,9128.17
1.01596,9128.13
1.01612,9128.1
1.01628,9128.06
1.01644,9128.03
1.0166,9127.99
1.01676,9127.96
1.01692,9127.92
1.01708,9127.88
1.01724,9127.85
1.0174,9127.81
1.01756,9127.78
1.01772,9127.74
1.01788,9127.71
1.01804,9127.67
1.0182,9127.63
1.01836,9127.6
1.01852,9127.56
1.01868,9127.53
1.01884,9127.49
1.019,9127.46
1.01916,9127.42
1.01932,9127.39
1.01948,9127.35
1.01964,9127.32
1.0198,9127.29
1.01996,9127.25
1.02012,9127.22
1.02028,9127.19
1.02044,9127.15
1.0206,9127.12
1.02076,9127.09
1.02092,9127.06
1.02108,9127.03
1.02124,9127
1.0214,9126.97
1.02156,9126.94
1.02172,9126.91
1.02188,9126.88
1.02204,9126.85
1.0222,9126.83
1.02236,9126.8
1.02252,9126.77
1.02268,9126.75
1.02284,9126.72
1.023,9126.69
1.02316,9126.67
1.02332,9126.64
1.02348,9126.62
1.02364,9126.6
1.0238,9126.57
1.02396,9126.55
1.02412,9126.53
1.02428,9126.51
1.02444,9126.49
1.0246,9126.47
1.02476,9126.45
1.02492,9126.43
1.02508,9126.41
1.02524,9126.39
1.0254,9126.37
1.02556,9126.35
1.02572,9126.34
1.02588,9126.32
1.02604,9126.3
1.0262,9126.29
1.02636,9126.28
1.02652,9126.26
1.02668,9126.25
1.02684,9126.24
1.027,9126.22
1.02716,9126.21
1.02732,9126.2
1.02748,9126.19
1.02764,9126.18
1.0278,9126.17
1.02796,9126.16
1.02812,9126.15
1.02828,9126.14
1.02844,9126.13
1.0286,9126.12
1.02876,9126.11
1.02892,9126.1
1.02908,9126.09
1.02924,9126.09
1.0294,9126.08
1.02956,9126.07
1.02972,9126.07
1.02988,9126.06
1.03004,9126.05
1.0302,9126.05
1.03036,9126.05
1.03052,9126.04
1.03068,9126.04
1.03084,9126.03
1.031,9126.03
1.03116,9126.03
1.03132,9126.03
1.03148,9126.02
1.03164,9126.02
1.0318,9126.02
1.03196,9126.02
1.03212,9126.01
1.03228,9126.01
1.03244,9126.01
1.0326,9126.01
1.03276,9126.01
1.03292,9126.01
1.03308,9126.01
1.03324,9126.01
1.0334,9126.01
1.03356,9126.01
1.03372,9126.01
1.03388,9126.01
1.03404,9126.01
1.0342,9126.02
1.03436,9126.02
1.03452,9126.02
1.03468,9126.02
1.03484,9126.02
1.035,9126.03
1.03516,9126.03
1.03532,9126.03
1.03548,9126.03
1.03564,9126.04
1.0358,9126.04
1.03596,9126.04
1.03612,9126.05
1.03628,9126.05
1.03644,9126.05
1.0366,9126.06
1.03676,9126.06
1.03692,9126.06
1.03708,9126.07
1.03724,9126.07
1.0374,9126.07
1.03756,9126.08
1.03772,9126.08
1.03788,9126.08
1.03804,9126.09
1.0382,9126.09
1.03836,9126.09
1.03852,9126.1
1.03868,9126.1
1.03884,9126.11
1.039,9126.11
1.03916,9126.12
1.03932,9126.12
1.03948,9126.12
1.03964,9126.13
1.0398,9126.13
1.03996,9126.14
1.04012,9126.14
1.04028,9126.14
1.04044,9126.15
1.0406,9126.15
1.04076,9126.15
1.04092,9126.16
1.04108,9126.16
1.04124,9126.17
1.0414,9126.17
1.04156,9126.17
1.04172,9126.18
1.04188,9126.18
1.04204,9126.18
1.0422,9126.18
1.04236,9126.19
1.04252,9126.19
1.04268,9126.19
1.04284,9126.19
1.043,9126.19
1.04316,9126.19
1.04332,9126.2
1.04348,9126.2
1.04364,9126.2
1.0438,9126.2
1.04396,9126.2
1.04412,9126.2
1.04428,9126.2
1.04444,9126.2
1.0446,9126.2
1.04476,9126.2
1.04492,9126.2
1.04508,9126.2
1.04524,9126.2
1.0454,9126.19
1.04556,9126.19
1.04572,9126.19
1.04588,9126.19
1.04604,9126.19
1.0462,9126.18
1.04636,9126.18
1.04652,9126.18
1.04668,9126.17
1.04684,9126.17
1.047,9126.16
1.04716,9126.16
1.04732,9126.15
1.04748,9126.14
1.04764,9126.14
1.0478,9126.13
1.04796,9126.12
1.04812,9126.12
1.04828,9126.11
1.04844,9126.1
1.0486,9126.09
1.04876,9126.08
1.04892,9126.07
1.04908,9126.06
1.04924,9126.05
1.0494,9126.04
1.04956,9126.03
1.04972,9126.02
1.04988,9126.01
1.05005,9126
1.05021,9125.98
1.05037,9125.97
1.05053,9125.96
1.05069,9125.94
1.05085,9125.93
1.05101,9125.91
1.05117,9125.9
1.05133,9125.88
1.05149,9125.87
1.05165,9125.85
1.05181,9125.83
1.05197,9125.82
1.05213,9125.8
1.05229,9125.78
1.05245,9125.76
1.05261,9125.75
1.05277,9125.73
1.05293,9125.71
1.05309,9125.69
1.05325,9125.67
1.05341,9125.65
1.05357,9125.63
1.05373,9125.61
1.05389,9125.59
1.05405,9125.56
1.05421,9125.54
1.05437,9125.52
1.05453,9125.49
1.05469,9125.47
1.05485,9125.45
1.05501,9125.42
1.05517,9125.4
1.05533,9125.38
1.05549,9125.35
1.05565,9125.33
1.05581,9125.3
1.05597,9125.28
1.05613,9125.25
1.05629,9125.23
1.05645,9125.2
1.05661,9125.18
1.05677,9125.15
1.05693,9125.13
1.05709,9125.1
1.05725,9125.07
1.05741,9125.05
1.05757,9125.02
1.05773,9124.99
1.05789,9124.96
1.05805,9124.94
1.05821,9124.91
1.05837,9124.88
1.05853,9124.85
1.05869,9124.83
1.05885,9124.8
1.05901,9124.77
1.05917,9124.74
1.05933,9124.71
1.05949,9124.68
1.05965,9124.65
1.05981,9124.62
1.05997,9124.59
1.06013,9124.56
1.06029,9124.53
1.06045,9124.5
1.06061,9124.47
1.06077,9124.44
1.06093,9124.41
1.06109,9124.38
1.06125,9124.35
1.06141,9124.32
1.06157,9124.28
1.06173,9124.25
1.06189,9124.22
1.06205,9124.18
1.06221,9124.15
1.06237,9124.12
1.06253,9124.08
1.06269,9124.04
1.06285,9124.01
1.06301,9123.97
1.06317,9123.93
1.06333,9123.9
1.06349,9123.86
1.06365,9123.82
1.06381,9123.78
1.06397,9123.74
1.06413,9123.69
1.06429,9123.65
1.06445,9123.61
1.06461,9123.56
1.06477,9123.51
1.06493,9123.46
1.06509,9123.42
1.06525,9123.37
1.06541,9123.31
1.06557,9123.26
1.06573,9123.2
1.06589,9123.14
1.06605,9123.09
1.06621,9123.03
1.06637,9122.96
1.06653,9122.89
1.06669,9122.83
1.06685,9122.76
1.06701,9122.69
1.06717,9122.62
1.06733,9122.54
1.06749,9122.45
1.06765,9122.37
1.06781,9122.29
1.06797,9122.2
1.06813,9122.12
1.06829,9122.02
1.06845,9121.92
1.06861,9121.81
1.06877,9121.71
1.06893,9121.61
1.06909,9121.5
1.06925,9121.38
1.06941,9121.25
1.06957,9121.12
1.06973,9120.99
1.06989,9120.86
1.07005,9120.74
1.07021,9120.58
1.07037,9120.42
1.07053,9120.27
1.07069,9120.11
1.07085,9119.95
1.07101,9119.79
1.07117,9119.6
1.07133,9119.41
1.07149,9119.22
1.07165,9119.02
1.07181,9118.83
1.07197,9118.64
1.07213,9118.41
1.07229,9118.17
1.07245,9117.93
1.07261,9117.7
1.07277,9117.46
1.07293,9117.23
1.07309,9116.95
1.07325,9116.68
1.07341,9116.4
1.07357,9116.12
1.07373,9115.84
1.07389,9115.57
1.07405,9115.24
1.07421,9114.92
1.07437,9114.59
1.07453,9114.27
1.07469,9113.94
1.07485,9113.62
1.07501,9113.26
1.07517,9112.9
1.07533,9112.54
1.07549,9112.18
1.07565,9111.82
1.07581,9111.46
1.07597,9111.07
1.07613,9110.68
1.07629,9110.3
1.07645,9109.91
1.07661,9109.52
1.07677,9109.13
1.07693,9108.75
1.07709,9108.36
1.07725,9107.98
1.07741,9107.6
1.07757,9107.21
1.07773,9106.82
1.07789,9106.47
1.07805,9106.11
1.07821,9105.75
1.07837,9105.39
1.07853,9105.03
1.07869,9104.67
1.07885,9104.36
1.07901,9104.04
1.07917,9103.73
1.07933,9103.42
1.07949,9103.1
1.07965,9102.79
1.07981,9102.54
1.07997,9102.28
1.08013,9102.03
1.08029,9101.77
1.08045,9101.52
1.08061,9101.27
1.08077,9101.07
1.08093,9100.87
1.08109,9100.68
1.08125,9100.48
1.08141,9100.29
1.08157,9100.1
1.08173,9099.97
1.08189,9099.83
1.08205,9099.7
1.08221,9099.56
1.08237,9099.43
1.08253,9099.3
1.08269,9099.22
1.08285,9099.14
1.08301,9099.06
1.08317,9098.97
1.08333,9098.89
1.08349,9098.82
1.08365,9098.78
1.08381,9098.75
1.08397,9098.71
1.08413,9098.67
1.08429,9098.63
1.08445,9098.61
1.08461,9098.6
1.08477,9098.6
1.08493,9098.6
1.08509,9098.59
1.08525,9098.59
1.08541,9098.6
1.08557,9098.62
1.08573,9098.65
1.08589,9098.68
1.08605,9098.7
1.08621,9098.73
1.08637,9098.76
1.08653,9098.82
1.08669,9098.89
1.08685,9098.95
1.08701,9099.01
1.08717,9099.07
1.08733,9099.15
1.08749,9099.27
1.08765,9099.39
1.08781,9099.51
1.08797,9099.63
1.08813,9099.75
1.08829,9099.89
1.08845,9100.09
1.08861,9100.29
1.08877,9100.48
1.08893,9100.68
1.08909,9100.88
1.08925,9101.11
1.08941,9101.42
1.08957,9101.72
1.08973,9102.03
1.08989,9102.34
1.09005,9102.65
1.09021,9103
1.09037,9103.44
1.09053,9103.88
1.09069,9104.32
1.09085,9104.76
1.09101,9105.2
1.09117,9105.69
1.09133,9106.29
1.09149,9106.89
1.09165,9107.49
1.09181,9108.09
1.09197,9108.69
1.09213,9109.35
1.09229,9110.11
1.09245,9110.87
1.09261,9111.63
1.09277,9112.39
1.09293,9113.16
1.09309,9113.98
1.09325,9114.89
1.09341,9115.81
1.09357,9116.72
1.09373,9117.64
1.09389,9118.56
1.09405,9119.53
1.09421,9120.58
1.09437,9121.63
1.09453,9122.67
1.09469,9123.72
1.09485,9124.77
1.09501,9125.84
1.09517,9126.93
1.09533,9128.02
1.09549,9129.11
1.09565,9130.21
1.09581,9131.31
1.09597,9132.41
1.09613,9133.49
1.09629,9134.58
1.09645,9135.66
1.09661,9136.75
1.09677,9137.83
1.09693,9138.87
1.09709,9139.86
1.09725,9140.85
1.09741,9141.84
1.09757,9142.83
1.09773,9143.8
1.09789,9144.75
1.09805,9145.62
1.09821,9146.5
1.09837,9147.38
1.09853,9148.25
1.09869,9149.11
1.09885,9149.91
1.09901,9150.65
1.09917,9151.38
1.09933,9152.12
1.09949,9152.86
1.09965,9153.57
1.09981,9154.25
1.09997,9154.85
1.10013,9155.46
1.10029,9156.07
1.10045,9156.68
1.10061,9157.26
1.10077,9157.82
1.10093,9158.31
1.10109,9158.81
1.10125,9159.3
1.10141,9159.8
1.10157,9160.28
1.10173,9160.71
1.10189,9161.1
1.10205,9161.49
1.10221,9161.88
1.10237,9162.27
1.10253,9162.65
1.10269,9162.99
1.10285,9163.3
1.10301,9163.61
1.10317,9163.92
1.10333,9164.23
1.10349,9164.53
1.10365,9164.79
1.10381,9165.02
1.10397,9165.26
1.10413,9165.5
1.10429,9165.73
1.10445,9165.96
1.10461,9166.16
1.10477,9166.34
1.10493,9166.52
1.10509,9166.71
1.10525,9166.89
1.10541,9167.07
1.10557,9167.21
1.10573,9167.35
1.10589,9167.48
1.10605,9167.62
1.10621,9167.75
1.10637,9167.89
1.10653,9168
1.10669,9168.1
1.10685,9168.2
1.10701,9168.3
1.10717,9168.4
1.10733,9168.5
1.10749,9168.58
1.10765,9168.65
1.10781,9168.73
1.10797,9168.8
1.10813,9168.88
1.10829,9168.95
1.10845,9169.01
1.10861,9169.06
1.10877,9169.11
1.10893,9169.16
1.10909,9169.22
1.10925,9169.27
1.10941,9169.31
1.10957,9169.35
1.10973,9169.39
1.10989,9169.42
1.11005,9169.46
1.11021,9169.5
1.11037,9169.52
1.11053,9169.55
1.11069,9169.58
1.11085,9169.6
1.11101,9169.63
1.11117,9169.65
1.11133,9169.67
1.11149,9169.69
1.11165,9169.7
1.11181,9169.72
1.11197,9169.74
1.11213,9169.76
1.11229,9169.77
1.11245,9169.78
1.11261,9169.79
1.11277,9169.8
1.11293,9169.81
1.11309,9169.82
1.11325,9169.82
1.11341,9169.83
1.11357,9169.83
1.11373,9169.84
1.11389,9169.84
1.11405,9169.85
1.11421,9169.85
1.11437,9169.85
1.11453,9169.85
1.11469,9169.85
1.11485,9169.86
1.11501,9169.86
1.11517,9169.86
1.11533,9169.86
1.11549,9169.86
1.11565,9169.86
1.11581,9169.86
1.11597,9169.86
1.11613,9169.85
1.11629,9169.85
1.11645,9169.85
1.11661,9169.84
1.11677,9169.84
1.11693,9169.84
1.11709,9169.84
1.11725,9169.83
1.11741,9169.83
1.11757,9169.82
1.11773,9169.82
1.11789,9169.81
1.11805,9169.8
1.11821,9169.8
1.11837,9169.79
1.11853,9169.78
1.11869,9169.78
1.11885,9169.77
1.11901,9169.76
1.11917,9169.75
1.11933,9169.74
1.11949,9169.73
1.11965,9169.72
1.11981,9169.71
1.11997,9169.7
1.12013,9169.69
1.12029,9169.67
1.12045,9169.66
1.12061,9169.65
1.12077,9169.64
1.12093,9169.63
1.12109,9169.62
1.12125,9169.6
1.12141,9169.59
1.12157,9169.58
1.12173,9169.57
1.12189,9169.55
1.12205,9169.54
1.12221,9169.53
1.12237,9169.52
1.12253,9169.51
1.12269,9169.49
1.12285,9169.48
1.12301,9169.47
1.12317,9169.46
1.12333,9169.45
1.12349,9169.43
1.12365,9169.42
1.12381,9169.41
1.12397,9169.4
1.12413,9169.39
1.12429,9169.38
1.12445,9169.36
1.12461,9169.35
1.12477,9169.34
1.12493,9169.33
1.12509,9169.32
1.12525,9169.31
1.12541,9169.3
1.12557,9169.29
1.12573,9169.28
1.12589,9169.27
1.12605,9169.26
1.12621,9169.26
1.12637,9169.25
1.12653,9169.24
1.12669,9169.23
1.12685,9169.22
1.12701,9169.22
1.12717,9169.21
1.12733,9169.2
1.12749,9169.19
1.12765,9169.18
1.12781,9169.18
1.12797,9169.17
1.12813,9169.16
1.12829,9169.16
1.12845,9169.15
1.12861,9169.14
1.12877,9169.14
1.12893,9169.13
1.12909,9169.13
1.12925,9169.12
1.12941,9169.11
1.12957,9169.11
1.12973,9169.1
1.12989,9169.1
1.13005,9169.09
1.13021,9169.09
1.13037,9169.08
1.13053,9169.08
1.13069,9169.07
1.13085,9169.07
1.13101,9169.06
1.13117,9169.06
1.13133,9169.06
1.13149,9169.05
1.13165,9169.05
1.13181,9169.05
1.13197,9169.04
1.13213,9169.04
1.13229,9169.04
1.13245,9169.03
1.13261,9169.03
1.13277,9169.03
1.13293,9169.03
1.13309,9169.03
1.13325,9169.02
1.13341,9169.02
1.13357,9169.02
1.13373,9169.02
1.13389,9169.02
1.13405,9169.02
1.13421,9169.02
1.13437,9169.02
1.13453,9169.02
1.13469,9169.02
1.13485,9169.01
1.13501,9169.01
1.13517,9169.01
1.13533,9169.01
1.13549,9169.01
1.13565,9169.01
1.13581,9169.01
1.13597,9169.01
1.13613,9169.01
1.13629,9169.01
1.13645,9169.01
1.13661,9169.01
1.13677,9169.01
1.13693,9169.01
1.13709,9169.01
1.13725,9169.01
1.13741,9169.01
1.13757,9169.01
1.13773,9169.01
1.13789,9169.01
1.13805,9169.01
1.13821,9169.01
1.13837,9169.01
1.13853,9169.02
1.13869,9169.02
1.13885,9169.02
1.13901,9169.02
1.13917,9169.02
1.13933,9169.02
1.13949,9169.02
1.13965,9169.02
1.13981,9169.02
1.13997,9169.02
1.14013,9169.02
1.14029,9169.03
1.14045,9169.03
1.14061,9169.03
1.14077,9169.03
1.14093,9169.03
1.14109,9169.04
1.14125,9169.04
1.14141,9169.04
1.14157,9169.04
1.14173,9169.04
1.14189,9169.04
1.14205,9169.05
1.14221,9169.05
1.14237,9169.05
1.14253,9169.05
1.14269,9169.06
1.14285,9169.06
1.14301,9169.06
1.14317,9169.06
1.14333,9169.06
1.14349,9169.06
1.14365,9169.06
1.14381,9169.06
1.14397,9169.07
1.14413,9169.07
1.14429,9169.07
1.14445,9169.08
1.14461,9169.08
1.14477,9169.08
1.14493,9169.08
1.14509,9169.08
1.14525,9169.09
1.14541,9169.09
1.14557,9169.09
1.14573,9169.1
1.14589,9169.1
1.14605,9169.11
1.14621,9169.11
1.14637,9169.12
1.14653,9169.12
1.14669,9169.12
1.14685,9169.13
1.14701,9169.13
1.14717,9169.13
1.14733,9169.14
1.14749,9169.14
1.14765,9169.14
1.14781,9169.15
1.14797,9169.15
1.14813,9169.16
1.14829,9169.16
1.14845,9169.16
1.14861,9169.17
1.14877,9169.17
1.14893,9169.17
1.14909,9169.18
1.14925,9169.18
1.14941,9169.18
1.14957,9169.19
1.14973,9169.19
1.14989,9169.2
1.15006,9169.2
1.15022,9169.21
1.15038,9169.21
1.15054,9169.21
1.1507,9169.22
1.15086,9169.22
1.15102,9169.22
1.15118,9169.23
1.15134,9169.23
1.1515,9169.24
1.15166,9169.24
1.15182,9169.25
1.15198,9169.25
1.15214,9169.26
1.1523,9169.26
1.15246,9169.27
1.15262,9169.27
1.15278,9169.28
1.15294,9169.28
1.1531,9169.29
1.15326,9169.29
1.15342,9169.3
1.15358,9169.31
1.15374,9169.31
1.1539,9169.32
1.15406,9169.32
1.15422,9169.33
1.15438,9169.33
1.15454,9169.34
1.1547,9169.34
1.15486,9169.34
1.15502,9169.35
1.15518,9169.35
1.15534,9169.36
1.1555,9169.37
1.15566,9169.37
1.15582,9169.38
1.15598,9169.39
1.15614,9169.39
1.1563,9169.4
1.15646,9169.41
1.15662,9169.41
1.15678,9169.42
1.15694,9169.43
1.1571,9169.43
1.15726,9169.44
1.15742,9169.45
1.15758,9169.46
1.15774,9169.46
1.1579,9169.47
1.15806,9169.48
1.15822,9169.48
1.15838,9169.49
1.15854,9169.5
1.1587,9169.5
1.15886,9169.51
1.15902,9169.51
1.15918,9169.52
1.15934,9169.53
1.1595,9169.54
1.15966,9169.55
1.15982,9169.55
1.15998,9169.56
1.16014,9169.57
1.1603,9169.58
1.16046,9169.59
1.16062,9169.59
1.16078,9169.6
1.16094,9169.61
1.1611,9169.62
1.16126,9169.63
1.16142,9169.64
1.16158,9169.65
1.16174,9169.65
1.1619,9169.66
1.16206,9169.67
1.16222,9169.68
1.16238,9169.68
1.16254,9169.69
1.1627,9169.7
1.16286,9169.71
1.16302,9169.72
1.16318,9169.73
1.16334,9169.74
1.1635,9169.75
1.16366,9169.76
1.16382,9169.77
1.16398,9169.78
1.16414,9169.79
1.1643,9169.8
1.16446,9169.81
1.16462,9169.82
1.16478,9169.83
1.16494,9169.84
1.1651,9169.85
1.16526,9169.86
1.16542,9169.87
1.16558,9169.89
1.16574,9169.89
1.1659,9169.9
1.16606,9169.91
1.16622,9169.92
1.16638,9169.92
1.16654,9169.93
1.1667,9169.94
1.16686,9169.94
1.16702,9169.95
1.16718,9169.96
1.16734,9169.96
1.1675,9169.97
1.16766,9169.98
1.16782,9169.98
1.16798,9169.99
1.16814,9169.99
1.1683,9170
1.16846,9170.01
1.16862,9170.02
1.16878,9170.02
1.16894,9170.03
1.1691,9170.04
1.16926,9170.05
1.16942,9170.05
1.16958,9170.06
1.16974,9170.07
1.1699,9170.08
1.17006,9170.09
1.17022,9170.1
1.17038,9170.11
1.17054,9170.12
1.1707,9170.13
1.17086,9170.13
1.17102,9170.14
1.17118,9170.15
1.17134,9170.16
1.1715,9170.17
1.17166,9170.17
1.17182,9170.18
1.17198,9170.19
1.17214,9170.2
1.1723,9170.21
1.17246,9170.21
1.17262,9170.22
1.17278,9170.23
1.17294,9170.23
1.1731,9170.24
1.17326,9170.25
1.17342,9170.26
1.17358,9170.26
1.17374,9170.27
1.1739,9170.28
1.17406,9170.28
1.17422,9170.29
1.17438,9170.3
1.17454,9170.3
1.1747,9170.31
1.17486,9170.31
1.17502,9170.32
1.17518,9170.32
1.17534,9170.33
1.1755,9170.33
1.17566,9170.34
1.17582,9170.34
1.17598,9170.35
1.17614,9170.35
1.1763,9170.36
1.17646,9170.36
1.17662,9170.37
1.17678,9170.37
1.17694,9170.38
1.1771,9170.38
1.17726,9170.39
1.17742,9170.39
1.17758,9170.4
1.17774,9170.4
1.1779,9170.41
1.17806,9170.41
1.17822,9170.42
1.17838,9170.42
1.17854,9170.43
1.1787,9170.43
1.17886,9170.44
1.17902,9170.44
1.17918,9170.44
1.17934,9170.45
1.1795,9170.45
1.17966,9170.46
1.17982,9170.46
1.17998,9170.47
1.18014,9170.48
1.1803,9170.48
1.18046,9170.49
1.18062,9170.5
1.18078,9170.5
1.18094,9170.51
1.1811,9170.51
1.18126,9170.52
1.18142,9170.53
1.18158,9170.53
1.18174,9170.54
1.1819,9170.55
1.18206,9170.55
1.18222,9170.55
1.18238,9170.56
1.18254,9170.56
1.1827,9170.56
1.18286,9170.57
1.18302,9170.57
1.18318,9170.58
1.18334,9170.58
1.1835,9170.58
1.18366,9170.59
1.18382,9170.59
1.18398,9170.59
1.18414,9170.6
1.1843,9170.6
1.18446,9170.61
1.18462,9170.61
1.18478,9170.61
1.18494,9170.62
1.1851,9170.62
1.18526,9170.63
1.18542,9170.63
1.18558,9170.63
1.18574,9170.64
1.1859,9170.64
1.18606,9170.64
1.18622,9170.65
1.18638,9170.65
1.18654,9170.66
1.1867,9170.66
1.18686,9170.66
1.18702,9170.67
1.18718,9170.67
1.18734,9170.68
1.1875,9170.68
1.18766,9170.68
1.18782,9170.68
1.18798,9170.69
1.18814,9170.69
1.1883,9170.69
1.18846,9170.7
1.18862,9170.7
1.18878,9170.71
1.18894,9170.71
1.1891,9170.72
1.18926,9170.73
1.18942,9170.74
1.18958,9170.74
1.18974,9170.74
1.1899,9170.74
1.19006,9170.74
1.19022,9170.74
1.19038,9170.74
1.19054,9170.74
1.1907,9170.74
1.19086,9170.73
1.19102,9170.73
1.19118,9170.73
1.19134,9170.73
1.1915,9170.73
1.19166,9170.73
1.19182,9170.73
1.19198,9170.73
1.19214,9170.73
1.1923,9170.73
1.19246,9170.73
1.19262,9170.73
1.19278,9170.73
1.19294,9170.73
1.1931,9170.73
1.19326,9170.73
1.19342,9170.72
1.19358,9170.72
1.19374,9170.72
1.1939,9170.72
1.19406,9170.72
1.19422,9170.72
1.19438,9170.72
1.19454,9170.72
1.1947,9170.72
1.19486,9170.72
1.19502,9170.72
1.19518,9170.72
1.19534,9170.71
1.1955,9170.71
1.19566,9170.71
1.19582,9170.7
1.19598,9170.7
1.19614,9170.7
1.1963,9170.7
1.19646,9170.7
1.19662,9170.7
1.19678,9170.71
1.19694,9170.71
1.1971,9170.71
1.19726,9170.71
1.19742,9170.71
1.19758,9170.7
1.19774,9170.69
1.1979,9170.69
1.19806,9170.68
1.19822,9170.67
1.19838,9170.67
1.19854,9170.66
1.1987,9170.66
1.19886,9170.65
1.19902,9170.64
1.19918,9170.64
1.19934,9170.63
1.1995,9170.63
1.19966,9170.62
1.19982,9170.61
1.19998,9170.61
1.20014,9170.6
1.2003,9170.59
1.20046,9170.59
1.20062,9170.58
1.20078,9170.58
1.20094,9170.57
1.2011,9170.56
1.20126,9170.56
1.20142,9170.55
1.20158,9170.54
1.20174,9170.54
1.2019,9170.53
1.20206,9170.53
1.20222,9170.52
1.20238,9170.51
1.20254,9170.51
1.2027,9170.5
1.20286,9170.49
1.20302,9170.49
1.20318,9170.48
1.20334,9170.47
1.2035,9170.46
1.20366,9170.45
1.20382,9170.44
1.20398,9170.44
1.20414,9170.44
1.2043,9170.44
1.20446,9170.44
1.20462,9170.44
1.20478,9170.44
1.20494,9170.43
1.2051,9170.42
1.20526,9170.41
1.20542,9170.39
1.20558,9170.38
1.20574,9170.37
1.2059,9170.36
1.20606,9170.34
1.20622,9170.33
1.20638,9170.32
1.20654,9170.3
1.2067,9170.29
1.20686,9170.28
1.20702,9170.27
1.20718,9170.25
1.20734,9170.24
1.2075,9170.23
1.20766,9170.22
1.20782,9170.2
1.20798,9170.19
1.20814,9170.18
1.2083,9170.16
1.20846,9170.15
1.20862,9170.14
1.20878,9170.13
1.20894,9170.11
1.2091,9170.1
1.20926,9170.09
1.20942,9170.07
1.20958,9170.06
1.20974,9170.05
1.2099,9170.04
1.21006,9170.02
1.21022,9170.01
1.21038,9170
1.21054,9169.98
1.2107,9169.96
1.21086,9169.93
1.21102,9169.91
1.21118,9169.89
1.21134,9169.86
1.2115,9169.84
1.21166,9169.82
1.21182,9169.81
1.21198,9169.79
1.21214,9169.77
1.2123,9169.76
1.21246,9169.74
1.21262,9169.72
1.21278,9169.71
1.21294,9169.69
1.2131,9169.67
1.21326,9169.66
1.21342,9169.64
1.21358,9169.62
1.21374,9169.61
1.2139,9169.59
1.21406,9169.57
1.21422,9169.55
1.21438,9169.54
1.21454,9169.52
1.2147,9169.5
1.21486,9169.49
1.21502,9169.47
1.21518,9169.45
1.21534,9169.44
1.2155,9169.42
1.21566,9169.4
1.21582,9169.39
1.21598,9169.37
1.21614,9169.35
1.2163,9169.34
1.21646,9169.32
1.21662,9169.3
1.21678,9169.29
1.21694,9169.27
1.2171,9169.25
1.21726,9169.24
1.21742,9169.22
1.21758,9169.2
1.21774,9169.19
1.2179,9169.17
1.21806,9169.15
1.21822,9169.14
1.21838,9169.13
1.21854,9169.12
1.2187,9169.12
1.21886,9169.11
1.21902,9169.1
1.21918,9169.08
1.21934,9169.06
1.2195,9169.03
1.21966,9169
1.21982,9168.97
1.21998,9168.94
1.22014,9168.9
1.2203,9168.85
1.22046,9168.8
1.22062,9168.75
1.22078,9168.69
1.22094,9168.64
1.2211,9168.59
1.22126,9168.54
1.22142,9168.48
1.22158,9168.43
1.22174,9168.38
1.2219,9168.33
1.22206,9168.27
1.22222,9168.22
1.22238,9168.17
1.22254,9168.12
1.2227,9168.06
1.22286,9168.01
1.22302,9167.96
1.22318,9167.9
1.22334,9167.85
1.2235,9167.8
1.22366,9167.75
1.22382,9167.69
1.22398,9167.64
1.22414,9167.59
1.2243,9167.54
1.22446,9167.48
1.22462,9167.43
1.22478,9167.38
1.22494,9167.33
1.2251,9167.27
1.22526,9167.22
1.22542,9167.17
1.22558,9167.12
1.22574,9167.06
1.2259,9167.01
1.22606,9166.96
1.22622,9166.9
1.22638,9166.85
1.22654,9166.8
1.2267,9166.75
1.22686,9166.72
1.22702,9166.7
1.22718,9166.69
1.22734,9166.68
1.2275,9166.66
1.22766,9166.65
1.22782,9166.63
1.22798,9166.62
1.22814,9166.6
1.2283,9166.59
1.22846,9166.58
1.22862,9166.56
1.22878,9166.55
1.22894,9166.53
1.2291,9166.52
1.22926,9166.5
1.22942,9166.49
1.22958,9166.48
1.22974,9166.46
1.2299,9166.45
1.23006,9166.43
1.23022,9166.42
1.23038,9166.4
1.23054,9166.39
1.2307,9166.38
1.23086,9166.36
1.23102,9166.35
1.23118,9166.33
1.23134,9166.32
1.2315,9166.3
1.23166,9166.29
1.23182,9166.28
1.23198,9166.26
1.23214,9166.25
1.2323,9166.23
1.23246,9166.22
1.23262,9166.2
1.23278,9166.19
1.23294,9166.18
1.2331,9166.16
1.23326,9166.15
1.23342,9166.13
1.23358,9166.1
1.23374,9166.07
1.2339,9166.04
1.23406,9166
1.23422,9165.97
1.23438,9165.94
1.23454,9165.9
1.2347,9165.87
1.23486,9165.84
1.23502,9165.81
1.23518,9165.77
1.23534,9165.74
1.2355,9165.66
1.23566,9165.58
1.23582,9165.49
1.23598,9165.4
1.23614,9165.31
1.2363,9165.23
1.23646,9165.14
1.23662,9165.05
1.23678,9164.96
1.23694,9164.88
1.2371,9164.79
1.23726,9164.7
1.23742,9164.61
1.23758,9164.53
1.23774,9164.44
1.2379,9164.35
1.23806,9164.26
1.23822,9164.17
1.23838,9164.09
1.23854,9164
1.2387,9163.91
1.23886,9163.82
1.23902,9163.74
1.23918,9163.65
1.23934,9163.56
1.2395,9163.47
1.23966,9163.39
1.23982,9163.3
1.23998,9163.21
1.24014,9163.12
1.2403,9163.04
1.24046,9162.95
1.24062,9162.86
1.24078,9162.77
1.24094,9162.69
1.2411,9162.6
1.24126,9162.51
1.24142,9162.42
1.24158,9162.34
1.24174,9162.25
1.2419,9162.16
1.24206,9162.08
1.24222,9162.04
1.24238,9162
1.24254,9161.97
1.2427,9161.93
1.24286,9161.89
1.24302,9161.85
1.24318,9161.82
1.24334,9161.78
1.2435,9161.74
1.24366,9161.71
1.24382,9161.67
1.24398,9161.63
1.24414,9161.59
1.2443,9161.56
1.24446,9161.52
1.24462,9161.48
1.24478,9161.45
1.24494,9161.41
1.2451,9161.37
1.24526,9161.33
1.24542,9161.3
1.24558,9161.26
1.24574,9161.22
1.2459,9161.19
1.24606,9161.15
1.24622,9161.11
1.24638,9161.07
1.24654,9161.04
1.2467,9161
1.24686,9160.96
1.24702,9160.93
1.24718,9160.89
1.24734,9160.85
1.2475,9160.81
1.24766,9160.78
1.24782,9160.74
1.24798,9160.7
1.24814,9160.66
1.2483,9160.63
1.24846,9160.59
1.24862,9160.55
1.24878,9160.51
1.24894,9160.44
1.2491,9160.38
1.24926,9160.31
1.24942,9160.25
1.24958,9160.18
1.24974,9160.12
1.2499,9160.05
1.25007,9159.99
1.25023,9159.92
1.25039,9159.86
1.25055,9159.79
1.25071,9159.71
1.25087,9159.57
1.25103,9159.44
1.25119,9159.3
1.25135,9159.17
1.25151,9159.03
1.25167,9158.9
1.25183,9158.77
1.25199,9158.63
1.25215,9158.5
1.25231,9158.36
1.25247,9158.23
1.25263,9158.09
1.25279,9157.96
1.25295,9157.82
1.25311,9157.69
1.25327,9157.55
1.25343,9157.42
1.25359,9157.28
1.25375,9157.15
1.25391,9157.02
1.25407,9156.88
1.25423,9156.75
1.25439,9156.61
1.25455,9156.48
1.25471,9156.34
1.25487,9156.21
1.25503,9156.07
1.25519,9155.94
1.25535,9155.8
1.25551,9155.67
1.25567,9155.53
1.25583,9155.4
1.25599,9155.26
1.25615,9155.13
1.25631,9155
1.25647,9154.86
1.25663,9154.73
1.25679,9154.59
1.25695,9154.46
1.25711,9154.32
1.25727,9154.19
1.25743,9154.08
1.25759,9153.99
1.25775,9153.91
1.25791,9153.82
1.25807,9153.73
1.25823,9153.65
1.25839,9153.56
1.25855,9153.48
1.25871,9153.39
1.25887,9153.3
1.25903,9153.22
1.25919,9153.13
1.25935,9153.04
1.25951,9152.96
1.25967,9152.87
1.25983,9152.79
1.25999,9152.7
1.26015,9152.61
1.26031,9152.53
1.26047,9152.44
1.26063,9152.36
1.26079,9152.27
1.26095,9152.18
1.26111,9152.1
1.26127,9152.01
1.26143,9151.92
1.26159,9151.84
1.26175,9151.75
1.26191,9151.67
1.26207,9151.58
1.26223,9151.49
1.26239,9151.41
1.26255,9151.32
1.26271,9151.24
1.26287,9151.15
1.26303,9151.06
1.26319,9150.98
1.26335,9150.89
1.26351,9150.8
1.26367,9150.72
1.26383,9150.63
1.26399,9150.55
1.26415,9150.45
1.26431,9150.35
1.26447,9150.26
1.26463,9150.16
1.26479,9150.06
1.26495,9149.97
1.26511,9149.87
1.26527,9149.77
1.26543,9149.68
1.26559,9149.58
1.26575,9149.48
1.26591,9149.39
1.26607,9149.26
1.26623,9149.13
1.26639,9149
1.26655,9148.87
1.26671,9148.74
1.26687,9148.61
1.26703,9148.47
1.26719,9148.34
1.26735,9148.21
1.26751,9148.08
1.26767,9147.95
1.26783,9147.81
1.26799,9147.68
1.26815,9147.55
1.26831,9147.42
1.26847,9147.29
1.26863,9147.16
1.26879,9147.02
1.26895,9146.89
1.26911,9146.76
1.26927,9146.63
1.26943,9146.5
1.26959,9146.37
1.26975,9146.23
1.26991,9146.1
1.27007,9145.97
1.27023,9145.84
1.27039,9145.71
1.27055,9145.57
1.27071,9145.44
1.27087,9145.31
1.27103,9145.18
1.27119,9145.05
1.27135,9144.92
1.27151,9144.78
1.27167,9144.65
1.27183,9144.52
1.27199,9144.39
1.27215,9144.26
1.27231,9144.13
1.27247,9143.99
1.27263,9143.86
1.27279,9143.74
1.27295,9143.62
1.27311,9143.5
1.27327,9143.38
1.27343,9143.26
1.27359,9143.14
1.27375,9143.02
1.27391,9142.9
1.27407,9142.78
1.27423,9142.66
1.27439,9142.53
1.27455,9142.41
1.27471,9142.29
1.27487,9142.17
1.27503,9142.05
1.27519,9141.93
1.27535,9141.81
1.27551,9141.69
1.27567,9141.57
1.27583,9141.45
1.27599,9141.33
1.27615,9141.21
1.27631,9141.09
1.27647,9140.97
1.27663,9140.85
1.27679,9140.72
1.27695,9140.6
1.27711,9140.48
1.27727,9140.36
1.27743,9140.24
1.27759,9140.12
1.27775,9140
1.27791,9139.88
1.27807,9139.76
1.27823,9139.64
1.27839,9139.52
1.27855,9139.4
1.27871,9139.28
1.27887,9139.16
1.27903,9139.03
1.27919,9138.91
1.27935,9138.79
1.27951,9138.65
1.27967,9138.52
1.27983,9138.38
1.27999,9138.24
1.28015,9138.11
1.28031,9137.97
1.28047,9137.84
1.28063,9137.7
1.28079,9137.56
1.28095,9137.43
1.28111,9137.29
1.28127,9137.16
1.28143,9137.05
1.28159,9136.94
1.28175,9136.83
1.28191,9136.73
1.28207,9136.62
1.28223,9136.51
1.28239,9136.4
1.28255,9136.29
1.28271,9136.19
1.28287,9136.08
1.28303,9135.97
1.28319,9135.86
1.28335,9135.75
1.28351,9135.65
1.28367,9135.54
1.28383,9135.43
1.28399,9135.32
1.28415,9135.21
1.28431,9135.11
1.28447,9135
1.28463,9134.89
1.28479,9134.78
1.28495,9134.67
1.28511,9134.57
1.28527,9134.46
1.28543,9134.35
1.28559,9134.24
1.28575,9134.13
1.28591,9134.03
1.28607,9133.92
1.28623,9133.81
1.28639,9133.7
1.28655,9133.59
1.28671,9133.49
1.28687,9133.38
1.28703,9133.27
1.28719,9133.16
1.28735,9133.05
1.28751,9132.95
1.28767,9132.84
1.28783,9132.73
1.28799,9132.64
1.28815,9132.56
1.28831,9132.49
1.28847,9132.42
1.28863,9132.35
1.28879,9132.27
1.28895,9132.2
1.28911,9132.13
1.28927,9132.06
1.28943,9131.98
1.28959,9131.91
1.28975,9131.84
1.28991,9131.77
1.29007,9131.69
1.29023,9131.62
1.29039,9131.55
1.29055,9131.48
1.29071,9131.41
1.29087,9131.33
1.29103,9131.26
1.29119,9131.19
1.29135,9131.12
1.29151,9131.04
1.29167,9130.97
1.29183,9130.9
1.29199,9130.83
1.29215,9130.75
1.29231,9130.68
1.29247,9130.61
1.29263,9130.54
1.29279,9130.46
1.29295,9130.39
1.29311,9130.32
1.29327,9130.25
1.29343,9130.17
1.29359,9130.1
1.29375,9130.03
1.29391,9129.96
1.29407,9129.88
1.29423,9129.81
1.29439,9129.74
1.29455,9129.67
1.29471,9129.58
1.29487,9129.49
1.29503,9129.4
1.29519,9129.31
1.29535,9129.22
1.29551,9129.13
1.29567,9129.04
1.29583,9128.95
1.29599,9128.86
1.29615,9128.76
1.29631,9128.67
1.29647,9128.58
1.29663,9128.49
1.29679,9128.4
1.29695,9128.31
1.29711,9128.22
1.29727,9128.13
1.29743,9128.04
1.29759,9127.94
1.29775,9127.85
1.29791,9127.76
1.29807,9127.67
1.29823,9127.58
1.29839,9127.49
1.29855,9127.4
1.29871,9127.31
1.29887,9127.22
1.29903,9127.12
1.29919,9127.03
1.29935,9126.94
1.29951,9126.85
1.29967,9126.76
1.29983,9126.67
1.29999,9126.58
1.30015,9126.49
1.30031,9126.4
1.30047,9126.3
1.30063,9126.21
1.30079,9126.12
1.30095,9126.03
1.30111,9125.94
1.30127,9125.85
1.30143,9125.76
1.30159,9125.67
1.30175,9125.58
1.30191,9125.48
1.30207,9125.39
1.30223,9125.3
1.30239,9125.21
1.30255,9125.12
1.30271,9125.03
1.30287,9124.94
1.30303,9124.85
1.30319,9124.76
1.30335,9124.71
1.30351,9124.67
1.30367,9124.62
1.30383,9124.58
1.30399,9124.54
1.30415,9124.5
1.30431,9124.45
1.30447,9124.41
1.30463,9124.37
1.30479,9124.33
1.30495,9124.29
1.30511,9124.24
1.30527,9124.2
1.30543,9124.16
1.30559,9124.12
1.30575,9124.07
1.30591,9124.03
1.30607,9123.99
1.30623,9123.95
1.30639,9123.91
1.30655,9123.86
1.30671,9123.82
1.30687,9123.78
1.30703,9123.74
1.30719,9123.69
1.30735,9123.65
1.30751,9123.61
1.30767,9123.57
1.30783,9123.53
1.30799,9123.48
1.30815,9123.44
1.30831,9123.4
1.30847,9123.36
1.30863,9123.32
1.30879,9123.27
1.30895,9123.23
1.30911,9123.19
1.30927,9123.15
1.30943,9123.1
1.30959,9123.06
1.30975,9123.02
1.30991,9122.98
1.31007,9122.94
1.31023,9122.89
1.31039,9122.85
1.31055,9122.81
1.31071,9122.77
1.31087,9122.72
1.31103,9122.68
1.31119,9122.64
1.31135,9122.6
1.31151,9122.56
1.31167,9122.51
1.31183,9122.48
1.31199,9122.49
1.31215,9122.5
1.31231,9122.51
1.31247,9122.52
1.31263,9122.53
1.31279,9122.54
1.31295,9122.55
1.31311,9122.56
1.31327,9122.57
1.31343,9122.58
1.31359,9122.59
1.31375,9122.59
1.31391,9122.6
1.31407,9122.61
1.31423,9122.62
1.31439,9122.63
1.31455,9122.64
1.31471,9122.65
1.31487,9122.66
1.31503,9122.67
1.31519,9122.68
1.31535,9122.69
1.31551,9122.7
1.31567,9122.71
1.31583,9122.71
1.31599,9122.72
1.31615,9122.73
1.31631,9122.74
1.31647,9122.75
1.31663,9122.76
1.31679,9122.77
1.31695,9122.78
1.31711,9122.79
1.31727,9122.8
1.31743,9122.81
1.31759,9122.82
1.31775,9122.83
1.31791,9122.83
1.31807,9122.84
1.31823,9122.85
1.31839,9122.86
